ISO-10303-21;
HEADER;
FILE_DESCRIPTION (( 'STEP AP214' ),
    '1' );
FILE_NAME ('31101102.STEP',
    '2025-07-07T21:46:09',
    ( '' ),
    ( '' ),
    'SwSTEP 2.0',
    'SolidWorks 2025',
    '' );
FILE_SCHEMA (( 'AUTOMOTIVE_DESIGN' ));
ENDSEC;

DATA;
#1 = CARTESIAN_POINT ( 'NONE',  ( 2.540000000000000036, -13.80000000164999996, 0.000000000000000000 ) ) ;
#2 = FACE_OUTER_BOUND ( 'NONE', #854, .T. ) ;
#3 = VECTOR ( 'NONE', #1237, 1000.000000000000000 ) ;
#4 = DIRECTION ( 'NONE',  ( 0.000000000000000000, 1.000000000000000000, 0.000000000000000000 ) ) ;
#5 = CARTESIAN_POINT ( 'NONE',  ( 5.080000000000000071, -0.6999999999999999556, 0.000000000000000000 ) ) ;
#6 = DIRECTION ( 'NONE',  ( -1.000000000000000000, 0.000000000000000000, 0.000000000000000000 ) ) ;
#7 = ORIENTED_EDGE ( 'NONE', *, *, #906, .F. ) ;
#8 = EDGE_CURVE ( 'NONE', #1475, #1014, #27, .T. ) ;
#9 = CARTESIAN_POINT ( 'NONE',  ( 10.16000000000000014, 0.000000000000000000, 2.267949192430999794 ) ) ;
#10 = DIRECTION ( 'NONE',  ( 1.000000000000000000, 0.000000000000000000, 0.000000000000000000 ) ) ;
#11 = VECTOR ( 'NONE', #359, 1000.000000000000000 ) ;
#12 = CARTESIAN_POINT ( 'NONE',  ( 4.639999999999999680, -8.800000000000000711, 4.000000000000000000 ) ) ;
#13 = ORIENTED_EDGE ( 'NONE', *, *, #1365, .F. ) ;
#14 = EDGE_CURVE ( 'NONE', #823, #1528, #1374, .T. ) ;
#15 = ORIENTED_EDGE ( 'NONE', *, *, #26, .T. ) ;
#16 = DIRECTION ( 'NONE',  ( 0.000000000000000000, -1.000000000000000000, 0.000000000000000000 ) ) ;
#17 = FACE_OUTER_BOUND ( 'NONE', #242, .T. ) ;
#18 = VERTEX_POINT ( 'NONE', #1061 ) ;
#19 = AXIS2_PLACEMENT_3D ( 'NONE', #1153, #4, #1531 ) ;
#20 = ORIENTED_EDGE ( 'NONE', *, *, #660, .F. ) ;
#21 = CARTESIAN_POINT ( 'NONE',  ( 8.794895261237000383, -0.6999999999999999556, -1.740580686186000037 ) ) ;
#22 = ORIENTED_EDGE ( 'NONE', *, *, #660, .T. ) ;
#23 =( NAMED_UNIT ( * ) SI_UNIT ( $, .STERADIAN. ) SOLID_ANGLE_UNIT ( ) );
#24 = ORIENTED_EDGE ( 'NONE', *, *, #516, .T. ) ;
#25 = DIRECTION ( 'NONE',  ( 1.000000000000000000, 0.000000000000000000, 0.000000000000000000 ) ) ;
#26 = EDGE_CURVE ( 'NONE', #1229, #1361, #1590, .T. ) ;
#27 = LINE ( 'NONE', #1199, #434 ) ;
#28 = PRESENTATION_LAYER_ASSIGNMENT (  '', '', ( #756 ) ) ;
#29 = CIRCLE ( 'NONE', #973, 0.1497778297768000144 ) ;
#30 = EDGE_LOOP ( 'NONE', ( #406, #1496, #865, #935 ) ) ;
#31 = VECTOR ( 'NONE', #954, 1000.000000000000114 ) ;
#32 = CARTESIAN_POINT ( 'NONE',  ( 0.4400000000000000022, -3.399999999999999911, 4.000000000000000000 ) ) ;
#33 = ORIENTED_EDGE ( 'NONE', *, *, #130, .T. ) ;
#34 = CYLINDRICAL_SURFACE ( 'NONE', #574, 0.4500000000000000111 ) ;
#35 = CARTESIAN_POINT ( 'NONE',  ( 8.794895261237000383, -0.6999999999999999556, -1.740580686186000037 ) ) ;
#36 = ORIENTED_EDGE ( 'NONE', *, *, #834, .F. ) ;
#37 = DIRECTION ( 'NONE',  ( 1.000000000000000000, 0.000000000000000000, 0.000000000000000000 ) ) ;
#38 = VECTOR ( 'NONE', #732, 1000.000000000000000 ) ;
#39 = VERTEX_POINT ( 'NONE', #1323 ) ;
#40 = VECTOR ( 'NONE', #1039, 1000.000000000000000 ) ;
#41 = DIRECTION ( 'NONE',  ( 0.8288479458028400471, 0.000000000000000000, -0.5594739339222269958 ) ) ;
#42 = EDGE_CURVE ( 'NONE', #951, #1345, #1176, .T. ) ;
#43 = PRESENTATION_STYLE_ASSIGNMENT (( #1191 ) ) ;
#44 = DIRECTION ( 'NONE',  ( -1.000000000000000000, 0.000000000000000000, 0.000000000000000000 ) ) ;
#45 = EDGE_LOOP ( 'NONE', ( #411, #1164, #886, #798 ) ) ;
#46 =( GEOMETRIC_REPRESENTATION_CONTEXT ( 3 ) GLOBAL_UNCERTAINTY_ASSIGNED_CONTEXT ( ( #811 ) ) GLOBAL_UNIT_ASSIGNED_CONTEXT ( ( #481, #998, #739 ) ) REPRESENTATION_CONTEXT ( 'NONE', 'WORKASPACE' ) );
#47 = CARTESIAN_POINT ( 'NONE',  ( 6.445104738762999830, -0.6999999999999999556, 1.740580686186000037 ) ) ;
#48 = ORIENTED_EDGE ( 'NONE', *, *, #119, .T. ) ;
#49 = ORIENTED_EDGE ( 'NONE', *, *, #729, .T. ) ;
#50 = PRESENTATION_STYLE_ASSIGNMENT (( #188 ) ) ;
#51 = DIRECTION ( 'NONE',  ( 0.000000000000000000, 1.000000000000000000, 0.000000000000000000 ) ) ;
#52 = CARTESIAN_POINT ( 'NONE',  ( 0.000000000000000000, -3.000000000000000000, 4.000000000000000000 ) ) ;
#53 = CARTESIAN_POINT ( 'NONE',  ( 1.365104738762999981, -0.6999999999999999556, 1.740580686186000037 ) ) ;
#54 = FILL_AREA_STYLE ('',( #1501 ) ) ;
#55 = VERTEX_POINT ( 'NONE', #1435 ) ;
#56 = FILL_AREA_STYLE ('',( #64 ) ) ;
#57 = CIRCLE ( 'NONE', #273, 1.499999999999999556 ) ;
#58 = EDGE_LOOP ( 'NONE', ( #48, #20, #158, #1613 ) ) ;
#59 = DIRECTION ( 'NONE',  ( 1.000000000000000000, 0.000000000000000000, 0.000000000000000000 ) ) ;
#60 = CARTESIAN_POINT ( 'NONE',  ( 7.620000000000000107, -0.6999999999999999556, 0.000000000000000000 ) ) ;
#61 =( NAMED_UNIT ( * ) SI_UNIT ( $, .STERADIAN. ) SOLID_ANGLE_UNIT ( ) );
#62 = ORIENTED_EDGE ( 'NONE', *, *, #1147, .F. ) ;
#63 = ORIENTED_EDGE ( 'NONE', *, *, #735, .F. ) ;
#64 = FILL_AREA_STYLE_COLOUR ( '', #1335 ) ;
#65 = EDGE_CURVE ( 'NONE', #1232, #1610, #804, .T. ) ;
#66 = EDGE_CURVE ( 'NONE', #155, #1441, #687, .T. ) ;
#67 = COLOUR_RGB ( '',0.08627450980392156743, 0.3803921568627450789, 1.000000000000000000 ) ;
#68 =( NAMED_UNIT ( * ) PLANE_ANGLE_UNIT ( ) SI_UNIT ( $, .RADIAN. ) );
#69 = ORIENTED_EDGE ( 'NONE', *, *, #1131, .F. ) ;
#70 = CARTESIAN_POINT ( 'NONE',  ( 7.620000000000000107, -13.27999982731000017, 0.000000000000000000 ) ) ;
#71 = UNCERTAINTY_MEASURE_WITH_UNIT (LENGTH_MEASURE( 1.000000000000000082E-05 ), #412, 'distance_accuracy_value', 'NONE');
#72 = CARTESIAN_POINT ( 'NONE',  ( 5.879419313814000070, -1.300000000000000044, 1.174895261237000055 ) ) ;
#73 = DIRECTION ( 'NONE',  ( 0.000000000000000000, 0.000000000000000000, 1.000000000000000000 ) ) ;
#74 = ORIENTED_EDGE ( 'NONE', *, *, #1132, .T. ) ;
#75 = ORIENTED_EDGE ( 'NONE', *, *, #859, .F. ) ;
#76 = SURFACE_STYLE_FILL_AREA ( #56 ) ;
#77 = CARTESIAN_POINT ( 'NONE',  ( 6.120000000000000107, -6.700000000000000178, 3.600000000000000089 ) ) ;
#78 = ORIENTED_EDGE ( 'NONE', *, *, #449, .T. ) ;
#79 = CIRCLE ( 'NONE', #750, 2.099999999999999645 ) ;
#80 = FACE_OUTER_BOUND ( 'NONE', #1037, .T. ) ;
#81 = DIRECTION ( 'NONE',  ( -1.000000000000000000, 0.000000000000000000, 0.000000000000000000 ) ) ;
#82 = ORIENTED_EDGE ( 'NONE', *, *, #382, .F. ) ;
#83 = ADVANCED_FACE ( 'NONE', ( #281 ), #795, .T. ) ;
#84 =( LENGTH_UNIT ( ) NAMED_UNIT ( * ) SI_UNIT ( .MILLI., .METRE. ) );
#85 = EDGE_CURVE ( 'NONE', #1156, #957, #212, .T. ) ;
#86 = LINE ( 'NONE', #598, #1047 ) ;
#87 = ORIENTED_EDGE ( 'NONE', *, *, #1520, .T. ) ;
#88 = VECTOR ( 'NONE', #769, 1000.000000000000000 ) ;
#89 = CARTESIAN_POINT ( 'NONE',  ( 0.000000000000000000, -1.300000000000000044, 0.000000000000000000 ) ) ;
#90 = AXIS2_PLACEMENT_3D ( 'NONE', #89, #751, #634 ) ;
#91 = FACE_OUTER_BOUND ( 'NONE', #1171, .T. ) ;
#92 = MANIFOLD_SOLID_BREP ( '31101102[1]', #1152 ) ;
#93 = DIRECTION ( 'NONE',  ( 1.000000000000000000, 0.000000000000000000, 0.000000000000000000 ) ) ;
#94 = EDGE_CURVE ( 'NONE', #1290, #1014, #727, .T. ) ;
#95 = CARTESIAN_POINT ( 'NONE',  ( 0.4400000000000000022, -8.800000000000000711, 4.000000000000000000 ) ) ;
#96 = ORIENTED_EDGE ( 'NONE', *, *, #119, .F. ) ;
#97 = ADVANCED_FACE ( 'NONE', ( #627 ), #861, .T. ) ;
#98 = VECTOR ( 'NONE', #311, 1000.000000000000000 ) ;
#99 = CARTESIAN_POINT ( 'NONE',  ( 2.540000000000000036, -13.80000000164999996, 0.1497778297768000144 ) ) ;
#100 = PRESENTATION_STYLE_ASSIGNMENT (( #747 ) ) ;
#101 = DIRECTION ( 'NONE',  ( 0.000000000000000000, 0.000000000000000000, 1.000000000000000000 ) ) ;
#102 = SURFACE_STYLE_FILL_AREA ( #108 ) ;
#103 = DIRECTION ( 'NONE',  ( 0.7071067811865474617, 0.000000000000000000, -0.7071067811865474617 ) ) ;
#104 = VECTOR ( 'NONE', #1595, 1000.000000000000000 ) ;
#105 = FACE_OUTER_BOUND ( 'NONE', #1428, .T. ) ;
#106 = DIRECTION ( 'NONE',  ( -1.000000000000000000, 0.000000000000000000, 0.000000000000000000 ) ) ;
#107 = SURFACE_STYLE_FILL_AREA ( #1530 ) ;
#108 = FILL_AREA_STYLE ('',( #1382 ) ) ;
#109 = CARTESIAN_POINT ( 'NONE',  ( 3.714895261237000312, -0.6999999999999999556, -1.740580686186000037 ) ) ;
#110 = PLANE ( 'NONE',  #733 ) ;
#111 = ORIENTED_EDGE ( 'NONE', *, *, #1399, .F. ) ;
#112 = DIRECTION ( 'NONE',  ( 0.000000000000000000, 0.000000000000000000, -1.000000000000000000 ) ) ;
#113 = AXIS2_PLACEMENT_3D ( 'NONE', #741, #231, #994 ) ;
#114 = COLOUR_RGB ( '',0.08627450980392156743, 0.3803921568627450789, 1.000000000000000000 ) ;
#115 =( GEOMETRIC_REPRESENTATION_CONTEXT ( 3 ) GLOBAL_UNCERTAINTY_ASSIGNED_CONTEXT ( ( #279 ) ) GLOBAL_UNIT_ASSIGNED_CONTEXT ( ( #1658, #243, #1667 ) ) REPRESENTATION_CONTEXT ( 'NONE', 'WORKASPACE' ) );
#116 = CYLINDRICAL_SURFACE ( 'NONE', #162, 1.500000000000000000 ) ;
#117 = CYLINDRICAL_SURFACE ( 'NONE', #161, 2.100000000000000089 ) ;
#118 = ORIENTED_EDGE ( 'NONE', *, *, #1020, .F. ) ;
#119 = EDGE_CURVE ( 'NONE', #470, #966, #1005, .T. ) ;
#120 = PLANE ( 'NONE',  #90 ) ;
#121 = PRESENTATION_LAYER_ASSIGNMENT (  '', '', ( #848 ) ) ;
#122 = CIRCLE ( 'NONE', #339, 1.500000000000000000 ) ;
#123 = AXIS2_PLACEMENT_3D ( 'NONE', #692, #1231, #51 ) ;
#124 = DIRECTION ( 'NONE',  ( 0.000000000000000000, 1.000000000000000000, 0.000000000000000000 ) ) ;
#125 = LINE ( 'NONE', #618, #921 ) ;
#126 = SURFACE_SIDE_STYLE ('',( #375 ) ) ;
#127 = ORIENTED_EDGE ( 'NONE', *, *, #1552, .F. ) ;
#128 = DIRECTION ( 'NONE',  ( 0.000000000000000000, 0.000000000000000000, 1.000000000000000000 ) ) ;
#129 = FILL_AREA_STYLE ('',( #930 ) ) ;
#130 = EDGE_CURVE ( 'NONE', #1361, #1229, #765, .T. ) ;
#131 = DIRECTION ( 'NONE',  ( 1.000000000000000000, 0.000000000000000000, 0.000000000000000000 ) ) ;
#132 = FACE_OUTER_BOUND ( 'NONE', #461, .T. ) ;
#133 = PRESENTATION_LAYER_ASSIGNMENT (  '', '', ( #863 ) ) ;
#134 = DIRECTION ( 'NONE',  ( 1.000000000000000000, 0.000000000000000000, 0.000000000000000000 ) ) ;
#135 = ORIENTED_EDGE ( 'NONE', *, *, #1559, .T. ) ;
#136 = EDGE_CURVE ( 'NONE', #504, #1437, #353, .T. ) ;
#137 = DIRECTION ( 'NONE',  ( 0.000000000000000000, 0.000000000000000000, 1.000000000000000000 ) ) ;
#138 = CARTESIAN_POINT ( 'NONE',  ( 0.000000000000000000, -13.79999999999999893, 0.000000000000000000 ) ) ;
#139 = AXIS2_PLACEMENT_3D ( 'NONE', #1260, #1121, #112 ) ;
#140 = ORIENTED_EDGE ( 'NONE', *, *, #1212, .T. ) ;
#141 = EDGE_LOOP ( 'NONE', ( #796, #69, #1589, #303 ) ) ;
#142 = ADVANCED_FACE ( 'NONE', ( #740 ), #1236, .F. ) ;
#143 = DIRECTION ( 'NONE',  ( 0.000000000000000000, 1.000000000000000000, 0.000000000000000000 ) ) ;
#144 = ADVANCED_FACE ( 'NONE', ( #361 ), #1492, .F. ) ;
#145 = AXIS2_PLACEMENT_3D ( 'NONE', #70, #1233, #1497 ) ;
#146 = DIRECTION ( 'NONE',  ( 1.000000000000000000, 0.000000000000000000, 0.000000000000000000 ) ) ;
#147 = ORIENTED_EDGE ( 'NONE', *, *, #870, .F. ) ;
#148 = CARTESIAN_POINT ( 'NONE',  ( 2.540000000000000036, -10.00000000000000000, 0.000000000000000000 ) ) ;
#149 = CARTESIAN_POINT ( 'NONE',  ( 9.719999999999998863, 0.000000000000000000, 0.000000000000000000 ) ) ;
#150 = ORIENTED_EDGE ( 'NONE', *, *, #961, .F. ) ;
#151 = DIRECTION ( 'NONE',  ( 0.000000000000000000, 0.000000000000000000, 1.000000000000000000 ) ) ;
#152 = VECTOR ( 'NONE', #402, 1000.000000000000000 ) ;
#153 = ORIENTED_EDGE ( 'NONE', *, *, #240, .F. ) ;
#154 = DIRECTION ( 'NONE',  ( 1.000000000000000000, 0.000000000000000000, 0.000000000000000000 ) ) ;
#155 = VERTEX_POINT ( 'NONE', #1012 ) ;
#156 =( NAMED_UNIT ( * ) PLANE_ANGLE_UNIT ( ) SI_UNIT ( $, .RADIAN. ) );
#157 = CARTESIAN_POINT ( 'NONE',  ( 5.519999999999999574, -8.800000000000000711, 4.000000000000000000 ) ) ;
#158 = ORIENTED_EDGE ( 'NONE', *, *, #1434, .F. ) ;
#159 = APPLICATION_PROTOCOL_DEFINITION ( 'draft international standard', 'automotive_design', 1998, #1318 ) ;
#160 = CARTESIAN_POINT ( 'NONE',  ( 0.000000000000000000, 0.000000000000000000, -1.000000000000000000 ) ) ;
#161 = AXIS2_PLACEMENT_3D ( 'NONE', #384, #628, #899 ) ;
#162 = AXIS2_PLACEMENT_3D ( 'NONE', #1004, #1381, #494 ) ;
#163 = EDGE_LOOP ( 'NONE', ( #1072, #569, #436, #1068 ) ) ;
#164 = VECTOR ( 'NONE', #947, 1000.000000000000000 ) ;
#165 = DIRECTION ( 'NONE',  ( 0.000000000000000000, 0.000000000000000000, -1.000000000000000000 ) ) ;
#166 = LINE ( 'NONE', #394, #1461 ) ;
#167 = UNCERTAINTY_MEASURE_WITH_UNIT (LENGTH_MEASURE( 1.000000000000000082E-05 ), #1112, 'distance_accuracy_value', 'NONE');
#168 = CARTESIAN_POINT ( 'NONE',  ( 4.639999999999999680, -3.399999999999999911, 3.600000000000000089 ) ) ;
#169 = CARTESIAN_POINT ( 'NONE',  ( 0.000000000000000000, -3.000000000000000000, 4.000000000000000000 ) ) ;
#170 = COLOUR_RGB ( '',0.08627450980392156743, 0.3803921568627450789, 1.000000000000000000 ) ;
#171 = ORIENTED_EDGE ( 'NONE', *, *, #872, .F. ) ;
#172 = STYLED_ITEM ( 'NONE', ( #1337 ), #1286 ) ;
#173 = CARTESIAN_POINT ( 'NONE',  ( 0.000000000000000000, -13.79999999999999893, 0.000000000000000000 ) ) ;
#174 =( NAMED_UNIT ( * ) PLANE_ANGLE_UNIT ( ) SI_UNIT ( $, .RADIAN. ) );
#175 = LINE ( 'NONE', #819, #1057 ) ;
#176 = ORIENTED_EDGE ( 'NONE', *, *, #14, .T. ) ;
#177 = EDGE_CURVE ( 'NONE', #652, #195, #122, .T. ) ;
#178 = CARTESIAN_POINT ( 'NONE',  ( 7.620000000000000107, -6.700000000000000178, 4.000000000000000000 ) ) ;
#179 =( NAMED_UNIT ( * ) PLANE_ANGLE_UNIT ( ) SI_UNIT ( $, .RADIAN. ) );
#180 = VERTEX_POINT ( 'NONE', #1017 ) ;
#181 = CARTESIAN_POINT ( 'NONE',  ( 7.620000000000000107, 0.000000000000000000, 0.000000000000000000 ) ) ;
#182 = LINE ( 'NONE', #1344, #198 ) ;
#183 = FACE_OUTER_BOUND ( 'NONE', #661, .T. ) ;
#184 = EDGE_CURVE ( 'NONE', #504, #1481, #1274, .T. ) ;
#185 = DIRECTION ( 'NONE',  ( -1.000000000000000000, 0.000000000000000000, 0.000000000000000000 ) ) ;
#186 = ORIENTED_EDGE ( 'NONE', *, *, #306, .F. ) ;
#187 = EDGE_LOOP ( 'NONE', ( #268, #1558, #707, #74 ) ) ;
#188 = SURFACE_STYLE_USAGE ( .BOTH. , #1086 ) ;
#189 = CONICAL_SURFACE ( 'NONE', #1124, 0.2998892365228999490, 0.5235986909176176818 ) ;
#190 = SURFACE_STYLE_USAGE ( .BOTH. , #444 ) ;
#191 = ORIENTED_EDGE ( 'NONE', *, *, #981, .T. ) ;
#192 = LINE ( 'NONE', #1098, #1661 ) ;
#193 = DIRECTION ( 'NONE',  ( -1.000000000000000000, 0.000000000000000000, 0.000000000000000000 ) ) ;
#194 = EDGE_LOOP ( 'NONE', ( #398, #726 ) ) ;
#195 = VERTEX_POINT ( 'NONE', #1402 ) ;
#196 = DIRECTION ( 'NONE',  ( 0.000000000000000000, 1.000000000000000000, 0.000000000000000000 ) ) ;
#197 =( GEOMETRIC_REPRESENTATION_CONTEXT ( 3 ) GLOBAL_UNCERTAINTY_ASSIGNED_CONTEXT ( ( #1455 ) ) GLOBAL_UNIT_ASSIGNED_CONTEXT ( ( #1263, #853, #1250 ) ) REPRESENTATION_CONTEXT ( 'NONE', 'WORKASPACE' ) );
#198 = VECTOR ( 'NONE', #706, 1000.000000000000000 ) ;
#199 = PRESENTATION_LAYER_ASSIGNMENT (  '', '', ( #932 ) ) ;
#200 = PLANE ( 'NONE',  #1080 ) ;
#201 = ORIENTED_EDGE ( 'NONE', *, *, #1647, .F. ) ;
#202 = FACE_OUTER_BOUND ( 'NONE', #1557, .T. ) ;
#203 = EDGE_CURVE ( 'NONE', #1019, #1593, #79, .T. ) ;
#204 = UNCERTAINTY_MEASURE_WITH_UNIT (LENGTH_MEASURE( 1.000000000000000082E-05 ), #1548, 'distance_accuracy_value', 'NONE');
#205 = DIRECTION ( 'NONE',  ( 0.000000000000000000, 1.000000000000000000, 0.000000000000000000 ) ) ;
#206 = ORIENTED_EDGE ( 'NONE', *, *, #717, .T. ) ;
#207 = SURFACE_SIDE_STYLE ('',( #1388 ) ) ;
#208 = VERTEX_POINT ( 'NONE', #916 ) ;
#209 = FACE_OUTER_BOUND ( 'NONE', #815, .T. ) ;
#210 =( NAMED_UNIT ( * ) PLANE_ANGLE_UNIT ( ) SI_UNIT ( $, .RADIAN. ) );
#211 = ORIENTED_EDGE ( 'NONE', *, *, #992, .T. ) ;
#212 = CIRCLE ( 'NONE', #1371, 2.099999999999999645 ) ;
#213 = AXIS2_PLACEMENT_3D ( 'NONE', #1136, #347, #93 ) ;
#214 = LINE ( 'NONE', #731, #1671 ) ;
#215 = CARTESIAN_POINT ( 'NONE',  ( 0.7994193138141000299, -0.6999999999999999556, 1.174895261237000055 ) ) ;
#216 = EDGE_CURVE ( 'NONE', #910, #1601, #802, .T. ) ;
#217 = FACE_BOUND ( 'NONE', #330, .T. ) ;
#218 = EDGE_LOOP ( 'NONE', ( #582, #316 ) ) ;
#219 = VECTOR ( 'NONE', #348, 1000.000000000000000 ) ;
#220 = AXIS2_PLACEMENT_3D ( 'NONE', #1430, #920, #154 ) ;
#221 = DIRECTION ( 'NONE',  ( 0.000000000000000000, 0.000000000000000000, 1.000000000000000000 ) ) ;
#222 = FACE_OUTER_BOUND ( 'NONE', #558, .T. ) ;
#223 = CARTESIAN_POINT ( 'NONE',  ( 8.794895261237000383, -0.6999999999999999556, -1.740580686186000037 ) ) ;
#224 = FILL_AREA_STYLE_COLOUR ( '', #1623 ) ;
#225 =( LENGTH_UNIT ( ) NAMED_UNIT ( * ) SI_UNIT ( .MILLI., .METRE. ) );
#226 = VECTOR ( 'NONE', #1003, 1000.000000000000000 ) ;
#227 = CARTESIAN_POINT ( 'NONE',  ( 10.16000000000000014, 0.000000000000000000, -2.267949192430999794 ) ) ;
#228 = CARTESIAN_POINT ( 'NONE',  ( 5.519999999999999574, -3.399999999999999911, 4.000000000000000000 ) ) ;
#229 = CARTESIAN_POINT ( 'NONE',  ( 2.540000000000000036, -13.27999982731000017, 0.4500000117021793478 ) ) ;
#230 = PRESENTATION_STYLE_ASSIGNMENT (( #1125 ) ) ;
#231 = DIRECTION ( 'NONE',  ( 0.000000000000000000, 1.000000000000000000, 0.000000000000000000 ) ) ;
#232 = CARTESIAN_POINT ( 'NONE',  ( 4.639999999999999680, -8.800000000000000711, 3.600000000000000089 ) ) ;
#233 = FACE_OUTER_BOUND ( 'NONE', #1474, .T. ) ;
#234 = FILL_AREA_STYLE_COLOUR ( '', #852 ) ;
#235 = VECTOR ( 'NONE', #124, 1000.000000000000000 ) ;
#236 = FACE_OUTER_BOUND ( 'NONE', #933, .T. ) ;
#237 = EDGE_CURVE ( 'NONE', #454, #1441, #287, .T. ) ;
#238 = DIRECTION ( 'NONE',  ( 0.000000000000000000, 0.000000000000000000, -1.000000000000000000 ) ) ;
#239 = FACE_OUTER_BOUND ( 'NONE', #1562, .T. ) ;
#240 = EDGE_CURVE ( 'NONE', #837, #1485, #257, .T. ) ;
#241 = CARTESIAN_POINT ( 'NONE',  ( 5.879419313814000070, -0.6999999999999999556, 1.174895261237000055 ) ) ;
#242 = EDGE_LOOP ( 'NONE', ( #7, #1585, #538 ) ) ;
#243 =( NAMED_UNIT ( * ) PLANE_ANGLE_UNIT ( ) SI_UNIT ( $, .RADIAN. ) );
#244 = SURFACE_STYLE_USAGE ( .BOTH. , #507 ) ;
#245 = VECTOR ( 'NONE', #603, 1000.000000000000000 ) ;
#246 = PRESENTATION_LAYER_ASSIGNMENT (  '', '', ( #1264 ) ) ;
#247 = CIRCLE ( 'NONE', #1184, 0.4500000000000000111 ) ;
#248 = CARTESIAN_POINT ( 'NONE',  ( 1.365104738762999981, -0.6999999999999999556, 1.740580686186000037 ) ) ;
#249 = CARTESIAN_POINT ( 'NONE',  ( 0.000000000000000000, -10.00000000000000000, -4.000000000000000000 ) ) ;
#250 = FACE_OUTER_BOUND ( 'NONE', #1352, .T. ) ;
#251 = VERTEX_POINT ( 'NONE', #1025 ) ;
#252 = CARTESIAN_POINT ( 'NONE',  ( 7.620000000000000107, -6.700000000000000178, 3.600000000000000089 ) ) ;
#253 = ADVANCED_FACE ( 'NONE', ( #264 ), #274, .F. ) ;
#254 = DIRECTION ( 'NONE',  ( 1.000000000000000000, 0.000000000000000000, 0.000000000000000000 ) ) ;
#255 = STYLED_ITEM ( 'NONE', ( #1293 ), #1206 ) ;
#256 = EDGE_CURVE ( 'NONE', #334, #208, #1556, .T. ) ;
#257 = LINE ( 'NONE', #890, #963 ) ;
#258 = EDGE_CURVE ( 'NONE', #778, #1217, #393, .T. ) ;
#259 = CARTESIAN_POINT ( 'NONE',  ( 0.4400000000000000022, -8.800000000000000711, 4.000000000000000000 ) ) ;
#260 = LINE ( 'NONE', #1444, #782 ) ;
#261 = VERTEX_POINT ( 'NONE', #1426 ) ;
#262 = DIRECTION ( 'NONE',  ( 0.000000000000000000, 0.000000000000000000, 1.000000000000000000 ) ) ;
#263 = SURFACE_STYLE_FILL_AREA ( #129 ) ;
#264 = FACE_OUTER_BOUND ( 'NONE', #563, .T. ) ;
#265 = CARTESIAN_POINT ( 'NONE',  ( 9.119999999999999218, -6.700000000000000178, 3.600000000000000089 ) ) ;
#266 =( NAMED_UNIT ( * ) PLANE_ANGLE_UNIT ( ) SI_UNIT ( $, .RADIAN. ) );
#267 = ADVANCED_FACE ( 'NONE', ( #1670 ), #346, .F. ) ;
#268 = ORIENTED_EDGE ( 'NONE', *, *, #1060, .T. ) ;
#269 = EDGE_CURVE ( 'NONE', #1666, #959, #1216, .T. ) ;
#270 = ORIENTED_EDGE ( 'NONE', *, *, #717, .F. ) ;
#271 = DIRECTION ( 'NONE',  ( 0.7071067811865474617, 0.000000000000000000, -0.7071067811865474617 ) ) ;
#272 =( NAMED_UNIT ( * ) PLANE_ANGLE_UNIT ( ) SI_UNIT ( $, .RADIAN. ) );
#273 = AXIS2_PLACEMENT_3D ( 'NONE', #695, #1321, #701 ) ;
#274 = PLANE ( 'NONE',  #665 ) ;
#275 = CARTESIAN_POINT ( 'NONE',  ( 4.639999999999999680, -3.399999999999999911, 4.000000000000000000 ) ) ;
#276 = ORIENTED_EDGE ( 'NONE', *, *, #1147, .T. ) ;
#277 = ORIENTED_EDGE ( 'NONE', *, *, #1252, .T. ) ;
#278 = LINE ( 'NONE', #789, #1638 ) ;
#279 = UNCERTAINTY_MEASURE_WITH_UNIT (LENGTH_MEASURE( 1.000000000000000082E-05 ), #1658, 'distance_accuracy_value', 'NONE');
#280 = DIRECTION ( 'NONE',  ( 0.000000000000000000, 0.000000000000000000, 1.000000000000000000 ) ) ;
#281 = FACE_OUTER_BOUND ( 'NONE', #194, .T. ) ;
#282 = ORIENTED_EDGE ( 'NONE', *, *, #65, .F. ) ;
#283 = FACE_OUTER_BOUND ( 'NONE', #1116, .T. ) ;
#284 = EDGE_LOOP ( 'NONE', ( #683, #285, #805, #521 ) ) ;
#285 = ORIENTED_EDGE ( 'NONE', *, *, #799, .T. ) ;
#286 = CARTESIAN_POINT ( 'NONE',  ( 2.540000000000000036, -10.00000000000000000, 0.000000000000000000 ) ) ;
#287 = CIRCLE ( 'NONE', #19, 2.099999999999999645 ) ;
#288 = EDGE_CURVE ( 'NONE', #1441, #454, #724, .T. ) ;
#289 = ORIENTED_EDGE ( 'NONE', *, *, #589, .T. ) ;
#290 = CARTESIAN_POINT ( 'NONE',  ( 5.519999999999999574, -8.800000000000000711, 3.600000000000000089 ) ) ;
#291 = SURFACE_SIDE_STYLE ('',( #1449 ) ) ;
#292 = DIRECTION ( 'NONE',  ( -0.7071067811865475727, 0.000000000000000000, -0.7071067811865475727 ) ) ;
#293 = ORIENTED_EDGE ( 'NONE', *, *, #766, .T. ) ;
#294 = MECHANICAL_DESIGN_GEOMETRIC_PRESENTATION_REPRESENTATION (  '', ( #807 ), #594 ) ;
#295 = DIRECTION ( 'NONE',  ( 0.000000000000000000, 0.000000000000000000, -1.000000000000000000 ) ) ;
#296 = ORIENTED_EDGE ( 'NONE', *, *, #775, .F. ) ;
#297 = AXIS2_PLACEMENT_3D ( 'NONE', #1282, #1113, #354 ) ;
#298 = ORIENTED_EDGE ( 'NONE', *, *, #1317, .T. ) ;
#299 = CARTESIAN_POINT ( 'NONE',  ( 0.7994193138141000299, -0.6999999999999999556, 1.174895261237000055 ) ) ;
#300 = FILL_AREA_STYLE ('',( #818 ) ) ;
#301 = EDGE_CURVE ( 'NONE', #1276, #1472, #333, .T. ) ;
#302 = CARTESIAN_POINT ( 'NONE',  ( 4.639999999999999680, -0.6999999999999999556, 0.000000000000000000 ) ) ;
#303 = ORIENTED_EDGE ( 'NONE', *, *, #892, .T. ) ;
#304 = FACE_OUTER_BOUND ( 'NONE', #45, .T. ) ;
#305 = FILL_AREA_STYLE_COLOUR ( '', #114 ) ;
#306 = EDGE_CURVE ( 'NONE', #1485, #1572, #214, .T. ) ;
#307 = VECTOR ( 'NONE', #1248, 1000.000000000000114 ) ;
#308 = ORIENTED_EDGE ( 'NONE', *, *, #1509, .T. ) ;
#309 = SURFACE_STYLE_FILL_AREA ( #300 ) ;
#310 = ADVANCED_FACE ( 'NONE', ( #556 ), #1600, .F. ) ;
#311 = DIRECTION ( 'NONE',  ( 0.000000000000000000, 1.000000000000000000, 0.000000000000000000 ) ) ;
#312 = AXIS2_PLACEMENT_3D ( 'NONE', #181, #459, #1459 ) ;
#313 = CARTESIAN_POINT ( 'NONE',  ( 10.16000000000000014, 0.000000000000000000, 2.267949192430999794 ) ) ;
#314 = DIRECTION ( 'NONE',  ( 1.000000000000000000, 0.000000000000000000, 0.000000000000000000 ) ) ;
#315 = ORIENTED_EDGE ( 'NONE', *, *, #85, .F. ) ;
#316 = ORIENTED_EDGE ( 'NONE', *, *, #929, .F. ) ;
#317 = EDGE_CURVE ( 'NONE', #1601, #910, #29, .T. ) ;
#318 = CARTESIAN_POINT ( 'NONE',  ( 2.540000000000000036, -13.53999936752999922, 0.000000000000000000 ) ) ;
#319 = DIRECTION ( 'NONE',  ( -1.000000000000000000, 0.000000000000000000, 0.000000000000000000 ) ) ;
#320 = VERTEX_POINT ( 'NONE', #1340 ) ;
#321 = DIRECTION ( 'NONE',  ( -0.8288479458028400471, 0.000000000000000000, 0.5594739339222268848 ) ) ;
#322 = PLANE ( 'NONE',  #1540 ) ;
#323 = CARTESIAN_POINT ( 'NONE',  ( 4.639999999999999680, -8.800000000000000711, 4.000000000000000000 ) ) ;
#324 = ORIENTED_EDGE ( 'NONE', *, *, #447, .T. ) ;
#325 = ORIENTED_EDGE ( 'NONE', *, *, #654, .F. ) ;
#326 = CARTESIAN_POINT ( 'NONE',  ( 2.540000000000000036, -13.27999982731000017, 0.000000000000000000 ) ) ;
#327 = COLOUR_RGB ( '',0.08627450980392156743, 0.3803921568627450789, 1.000000000000000000 ) ;
#328 = VECTOR ( 'NONE', #1115, 1000.000000000000000 ) ;
#329 =( LENGTH_UNIT ( ) NAMED_UNIT ( * ) SI_UNIT ( .MILLI., .METRE. ) );
#330 = EDGE_LOOP ( 'NONE', ( #1396, #296 ) ) ;
#331 = EDGE_CURVE ( 'NONE', #938, #1437, #1045, .T. ) ;
#332 = CARTESIAN_POINT ( 'NONE',  ( 2.540000000000000036, -10.00000000000000000, 0.000000000000000000 ) ) ;
#333 = LINE ( 'NONE', #1074, #1448 ) ;
#334 = VERTEX_POINT ( 'NONE', #869 ) ;
#335 =( NAMED_UNIT ( * ) SI_UNIT ( $, .STERADIAN. ) SOLID_ANGLE_UNIT ( ) );
#336 = ORIENTED_EDGE ( 'NONE', *, *, #1433, .T. ) ;
#337 = FILL_AREA_STYLE_COLOUR ( '', #1021 ) ;
#338 = CIRCLE ( 'NONE', #1356, 2.100000000000000089 ) ;
#339 = AXIS2_PLACEMENT_3D ( 'NONE', #1288, #1281, #131 ) ;
#340 = PRESENTATION_LAYER_ASSIGNMENT (  '', '', ( #1056 ) ) ;
#341 = AXIS2_PLACEMENT_3D ( 'NONE', #1637, #488, #708 ) ;
#342 = LINE ( 'NONE', #1631, #703 ) ;
#343 = ORIENTED_EDGE ( 'NONE', *, *, #537, .F. ) ;
#344 =( LENGTH_UNIT ( ) NAMED_UNIT ( * ) SI_UNIT ( .MILLI., .METRE. ) );
#345 = UNCERTAINTY_MEASURE_WITH_UNIT (LENGTH_MEASURE( 1.000000000000000082E-05 ), #1063, 'distance_accuracy_value', 'NONE');
#346 = PLANE ( 'NONE',  #372 ) ;
#347 = DIRECTION ( 'NONE',  ( -0.000000000000000000, 1.000000000000000000, 0.000000000000000000 ) ) ;
#348 = DIRECTION ( 'NONE',  ( 0.000000000000000000, 1.000000000000000000, 0.000000000000000000 ) ) ;
#349 = ORIENTED_EDGE ( 'NONE', *, *, #203, .T. ) ;
#350 = CARTESIAN_POINT ( 'NONE',  ( 3.714895261237000312, -0.6999999999999999556, -1.740580686186000037 ) ) ;
#351 = AXIS2_PLACEMENT_3D ( 'NONE', #160, #151, #678 ) ;
#352 = CARTESIAN_POINT ( 'NONE',  ( 0.4400000000000000022, -3.399999999999999911, 3.600000000000000089 ) ) ;
#353 = LINE ( 'NONE', #1119, #1358 ) ;
#354 = DIRECTION ( 'NONE',  ( 0.000000000000000000, 0.000000000000000000, -1.000000000000000000 ) ) ;
#355 = FACE_OUTER_BOUND ( 'NONE', #1423, .T. ) ;
#356 = CARTESIAN_POINT ( 'NONE',  ( 5.519999999999999574, -3.399999999999999911, 3.600000000000000089 ) ) ;
#357 = AXIS2_PLACEMENT_3D ( 'NONE', #1427, #908, #803 ) ;
#358 = DIRECTION ( 'NONE',  ( 0.000000000000000000, -1.000000000000000000, 0.000000000000000000 ) ) ;
#359 = DIRECTION ( 'NONE',  ( 0.000000000000000000, -1.000000000000000000, 0.000000000000000000 ) ) ;
#360 = FACE_OUTER_BOUND ( 'NONE', #163, .T. ) ;
#361 = FACE_OUTER_BOUND ( 'NONE', #809, .T. ) ;
#362 = DIRECTION ( 'NONE',  ( -0.7071067811865475727, 0.000000000000000000, 0.7071067811865475727 ) ) ;
#363 = SURFACE_STYLE_FILL_AREA ( #1522 ) ;
#364 = PRESENTATION_STYLE_ASSIGNMENT (( #1514 ) ) ;
#365 = DIRECTION ( 'NONE',  ( 0.000000000000000000, -1.000000000000000000, 0.000000000000000000 ) ) ;
#366 = ADVANCED_FACE ( 'NONE', ( #236 ), #1662, .T. ) ;
#367 = DIRECTION ( 'NONE',  ( 1.000000000000000000, 0.000000000000000000, 0.000000000000000000 ) ) ;
#368 =( NAMED_UNIT ( * ) PLANE_ANGLE_UNIT ( ) SI_UNIT ( $, .RADIAN. ) );
#369 = VERTEX_POINT ( 'NONE', #1135 ) ;
#370 = DIRECTION ( 'NONE',  ( 0.000000000000000000, -1.000000000000000000, 0.000000000000000000 ) ) ;
#371 = PRESENTATION_STYLE_ASSIGNMENT (( #1537 ) ) ;
#372 = AXIS2_PLACEMENT_3D ( 'NONE', #464, #1360, #710 ) ;
#373 = DIRECTION ( 'NONE',  ( 0.000000000000000000, -1.000000000000000000, 0.000000000000000000 ) ) ;
#374 = DIRECTION ( 'NONE',  ( 0.000000000000000000, -1.000000000000000000, 0.000000000000000000 ) ) ;
#375 = SURFACE_STYLE_FILL_AREA ( #1541 ) ;
#376 = ORIENTED_EDGE ( 'NONE', *, *, #1365, .T. ) ;
#377 = DIRECTION ( 'NONE',  ( 0.000000000000000000, 1.000000000000000000, 0.000000000000000000 ) ) ;
#378 = PRESENTATION_LAYER_ASSIGNMENT (  '', '', ( #807 ) ) ;
#379 = DIRECTION ( 'NONE',  ( 0.000000000000000000, 1.000000000000000000, 0.000000000000000000 ) ) ;
#380 = EDGE_CURVE ( 'NONE', #1217, #912, #1245, .T. ) ;
#381 = MECHANICAL_DESIGN_GEOMETRIC_PRESENTATION_REPRESENTATION (  '', ( #756 ), #467 ) ;
#382 = EDGE_CURVE ( 'NONE', #778, #208, #1261, .T. ) ;
#383 = VECTOR ( 'NONE', #185, 1000.000000000000000 ) ;
#384 = CARTESIAN_POINT ( 'NONE',  ( 2.540000000000000036, 0.000000000000000000, 0.000000000000000000 ) ) ;
#385 = VERTEX_POINT ( 'NONE', #229 ) ;
#386 = CYLINDRICAL_SURFACE ( 'NONE', #1564, 1.500000000000000000 ) ;
#387 = FACE_OUTER_BOUND ( 'NONE', #1341, .T. ) ;
#388 = MECHANICAL_DESIGN_GEOMETRIC_PRESENTATION_REPRESENTATION (  '', ( #743 ), #1500 ) ;
#389 = COLOUR_RGB ( '',0.08627450980392156743, 0.3803921568627450789, 1.000000000000000000 ) ;
#390 = EDGE_CURVE ( 'NONE', #1019, #823, #748, .T. ) ;
#391 = PRESENTATION_LAYER_ASSIGNMENT (  '', '', ( #655 ) ) ;
#392 = ADVANCED_FACE ( 'NONE', ( #1639 ), #116, .F. ) ;
#393 = LINE ( 'NONE', #905, #235 ) ;
#394 = CARTESIAN_POINT ( 'NONE',  ( 0.000000000000000000, 0.000000000000000000, -2.267949192430999794 ) ) ;
#395 = LINE ( 'NONE', #531, #771 ) ;
#396 = CARTESIAN_POINT ( 'NONE',  ( 0.4400000000000000022, -3.399999999999999911, 4.000000000000000000 ) ) ;
#397 = ORIENTED_EDGE ( 'NONE', *, *, #331, .T. ) ;
#398 = ORIENTED_EDGE ( 'NONE', *, *, #1554, .T. ) ;
#399 =( NAMED_UNIT ( * ) PLANE_ANGLE_UNIT ( ) SI_UNIT ( $, .RADIAN. ) );
#400 = DIRECTION ( 'NONE',  ( 0.000000000000000000, -0.8660254037844288266, 0.5000000000000169864 ) ) ;
#401 = CIRCLE ( 'NONE', #1555, 2.100000000000000089 ) ;
#402 = DIRECTION ( 'NONE',  ( 0.000000000000000000, 0.000000000000000000, -1.000000000000000000 ) ) ;
#403 = EDGE_LOOP ( 'NONE', ( #1043, #567 ) ) ;
#404 = ORIENTED_EDGE ( 'NONE', *, *, #258, .F. ) ;
#405 = CARTESIAN_POINT ( 'NONE',  ( 1.040000000000000036, -6.700000000000000178, 3.600000000000000089 ) ) ;
#406 = ORIENTED_EDGE ( 'NONE', *, *, #42, .T. ) ;
#407 = AXIS2_PLACEMENT_3D ( 'NONE', #148, #640, #137 ) ;
#408 = STYLED_ITEM ( 'NONE', ( #601 ), #419 ) ;
#409 = AXIS2_PLACEMENT_3D ( 'NONE', #887, #221, #737 ) ;
#410 = CARTESIAN_POINT ( 'NONE',  ( 5.520000000000000462, 0.000000000000000000, -2.571758278209441464E-16 ) ) ;
#411 = ORIENTED_EDGE ( 'NONE', *, *, #447, .F. ) ;
#412 =( LENGTH_UNIT ( ) NAMED_UNIT ( * ) SI_UNIT ( .MILLI., .METRE. ) );
#413 = ORIENTED_EDGE ( 'NONE', *, *, #1518, .T. ) ;
#414 = PRODUCT_DEFINITION_CONTEXT ( 'detailed design', #691, 'design' ) ;
#415 = MECHANICAL_DESIGN_GEOMETRIC_PRESENTATION_REPRESENTATION (  '', ( #1138 ), #1574 ) ;
#416 = ADVANCED_FACE ( 'NONE', ( #91 ), #1526, .T. ) ;
#417 =( GEOMETRIC_REPRESENTATION_CONTEXT ( 3 ) GLOBAL_UNCERTAINTY_ASSIGNED_CONTEXT ( ( #1090 ) ) GLOBAL_UNIT_ASSIGNED_CONTEXT ( ( #1604, #174, #969 ) ) REPRESENTATION_CONTEXT ( 'NONE', 'WORKASPACE' ) );
#418 = AXIS2_PLACEMENT_3D ( 'NONE', #5, #1547, #1625 ) ;
#419 = ADVANCED_FACE ( 'NONE', ( #360 ), #1649, .F. ) ;
#420 = DIRECTION ( 'NONE',  ( 1.000000000000000000, 0.000000000000000000, 0.000000000000000000 ) ) ;
#421 = ORIENTED_EDGE ( 'NONE', *, *, #1076, .F. ) ;
#422 = VERTEX_POINT ( 'NONE', #1201 ) ;
#423 = FACE_OUTER_BOUND ( 'NONE', #1355, .T. ) ;
#424 = ORIENTED_EDGE ( 'NONE', *, *, #745, .F. ) ;
#425 = DIRECTION ( 'NONE',  ( 0.000000000000000000, -1.000000000000000000, 0.000000000000000000 ) ) ;
#426 = VERTEX_POINT ( 'NONE', #942 ) ;
#427 = CARTESIAN_POINT ( 'NONE',  ( 0.000000000000000000, 0.000000000000000000, -2.267949192430999794 ) ) ;
#428 = DIRECTION ( 'NONE',  ( 0.000000000000000000, 1.000000000000000000, 0.000000000000000000 ) ) ;
#429 = ORIENTED_EDGE ( 'NONE', *, *, #516, .F. ) ;
#430 = ADVANCED_FACE ( 'NONE', ( #577 ), #1343, .F. ) ;
#431 = CARTESIAN_POINT ( 'NONE',  ( 0.000000000000000000, -10.00000000000000000, 4.000000000000000000 ) ) ;
#432 =( GEOMETRIC_REPRESENTATION_CONTEXT ( 3 ) GLOBAL_UNCERTAINTY_ASSIGNED_CONTEXT ( ( #167 ) ) GLOBAL_UNIT_ASSIGNED_CONTEXT ( ( #1112, #612, #335 ) ) REPRESENTATION_CONTEXT ( 'NONE', 'WORKASPACE' ) );
#433 = FILL_AREA_STYLE_COLOUR ( '', #1193 ) ;
#434 = VECTOR ( 'NONE', #440, 1000.000000000000000 ) ;
#435 = FACE_OUTER_BOUND ( 'NONE', #512, .T. ) ;
#436 = ORIENTED_EDGE ( 'NONE', *, *, #1317, .F. ) ;
#437 = EDGE_CURVE ( 'NONE', #926, #422, #705, .T. ) ;
#438 = CONICAL_SURFACE ( 'NONE', #1379, 0.2998892365228999490, 0.5235986909176176818 ) ;
#439 = CARTESIAN_POINT ( 'NONE',  ( 2.540000000000000036, -6.700000000000000178, 3.600000000000000089 ) ) ;
#440 = DIRECTION ( 'NONE',  ( 0.000000000000000000, 0.000000000000000000, 1.000000000000000000 ) ) ;
#441 = AXIS2_PLACEMENT_3D ( 'NONE', #35, #292, #562 ) ;
#442 = ORIENTED_EDGE ( 'NONE', *, *, #1185, .F. ) ;
#443 = DIRECTION ( 'NONE',  ( -0.000000000000000000, 1.000000000000000000, 0.000000000000000000 ) ) ;
#444 = SURFACE_SIDE_STYLE ('',( #1211 ) ) ;
#445 = PLANE ( 'NONE',  #1032 ) ;
#446 = ORIENTED_EDGE ( 'NONE', *, *, #94, .T. ) ;
#447 = EDGE_CURVE ( 'NONE', #1075, #1290, #698, .T. ) ;
#448 = DIRECTION ( 'NONE',  ( 0.000000000000000000, -1.000000000000000000, 0.000000000000000000 ) ) ;
#449 = EDGE_CURVE ( 'NONE', #1594, #778, #958, .T. ) ;
#450 = CARTESIAN_POINT ( 'NONE',  ( 9.719999999999998863, -8.800000000000000711, 4.000000000000000000 ) ) ;
#451 = AXIS2_PLACEMENT_3D ( 'NONE', #1524, #365, #845 ) ;
#452 = ORIENTED_EDGE ( 'NONE', *, *, #136, .T. ) ;
#453 = DIRECTION ( 'NONE',  ( 0.000000000000000000, 0.000000000000000000, -1.000000000000000000 ) ) ;
#454 = VERTEX_POINT ( 'NONE', #1095 ) ;
#455 = CARTESIAN_POINT ( 'NONE',  ( 10.16000000000000014, -3.000000000000000000, 4.000000000000000000 ) ) ;
#456 = CARTESIAN_POINT ( 'NONE',  ( 9.360580686185999255, -1.300000000000000044, -1.174895261237000055 ) ) ;
#457 = VERTEX_POINT ( 'NONE', #1611 ) ;
#458 = ORIENTED_EDGE ( 'NONE', *, *, #390, .F. ) ;
#459 = DIRECTION ( 'NONE',  ( 0.000000000000000000, 1.000000000000000000, 0.000000000000000000 ) ) ;
#460 = STYLED_ITEM ( 'NONE', ( #1489 ), #267 ) ;
#461 = EDGE_LOOP ( 'NONE', ( #211, #289, #424 ) ) ;
#462 = CARTESIAN_POINT ( 'NONE',  ( -1.016000000000000014, -3.000000000000000000, -4.000000000000000000 ) ) ;
#463 = UNCERTAINTY_MEASURE_WITH_UNIT (LENGTH_MEASURE( 1.000000000000000082E-05 ), #329, 'distance_accuracy_value', 'NONE');
#464 = CARTESIAN_POINT ( 'NONE',  ( 9.719999999999998863, -3.399999999999999911, 4.000000000000000000 ) ) ;
#465 = ORIENTED_EDGE ( 'NONE', *, *, #1503, .T. ) ;
#466 = ORIENTED_EDGE ( 'NONE', *, *, #1378, .F. ) ;
#467 =( GEOMETRIC_REPRESENTATION_CONTEXT ( 3 ) GLOBAL_UNCERTAINTY_ASSIGNED_CONTEXT ( ( #1234 ) ) GLOBAL_UNIT_ASSIGNED_CONTEXT ( ( #1527, #1404, #885 ) ) REPRESENTATION_CONTEXT ( 'NONE', 'WORKASPACE' ) );
#468 = CIRCLE ( 'NONE', #1405, 2.099999999999999645 ) ;
#469 = SURFACE_STYLE_USAGE ( .BOTH. , #1484 ) ;
#470 = VERTEX_POINT ( 'NONE', #299 ) ;
#471 = LINE ( 'NONE', #228, #656 ) ;
#472 = PRODUCT ( '31101102', '31101102', '', ( #777 ) ) ;
#473 = ADVANCED_FACE ( 'NONE', ( #1219 ), #530, .T. ) ;
#474 = CARTESIAN_POINT ( 'NONE',  ( 7.620000000000000107, -6.700000000000000178, 3.600000000000000089 ) ) ;
#475 = DIRECTION ( 'NONE',  ( 0.5594739339222269958, 0.000000000000000000, -0.8288479458028400471 ) ) ;
#476 = VECTOR ( 'NONE', #1028, 1000.000000000000000 ) ;
#477 = DIRECTION ( 'NONE',  ( 0.000000000000000000, 1.000000000000000000, 0.000000000000000000 ) ) ;
#478 = ORIENTED_EDGE ( 'NONE', *, *, #1669, .F. ) ;
#479 = CARTESIAN_POINT ( 'NONE',  ( 2.540000000000000036, -6.700000000000000178, -1.000000000000000000 ) ) ;
#480 = CARTESIAN_POINT ( 'NONE',  ( 7.620000000000000107, -13.53999936752999922, 0.2998892365228999490 ) ) ;
#481 =( LENGTH_UNIT ( ) NAMED_UNIT ( * ) SI_UNIT ( .MILLI., .METRE. ) );
#482 = CARTESIAN_POINT ( 'NONE',  ( 2.540000000000000036, -10.00000000000000000, 0.000000000000000000 ) ) ;
#483 = DIRECTION ( 'NONE',  ( -0.7071067811865475727, 0.000000000000000000, -0.7071067811865475727 ) ) ;
#484 = DIRECTION ( 'NONE',  ( 1.000000000000000000, 0.000000000000000000, 0.000000000000000000 ) ) ;
#485 = EDGE_CURVE ( 'NONE', #763, #385, #551, .T. ) ;
#486 = CARTESIAN_POINT ( 'NONE',  ( 2.540000000000000036, -10.00000000000000000, 0.4500000000000000111 ) ) ;
#487 = FACE_BOUND ( 'NONE', #1189, .T. ) ;
#488 = DIRECTION ( 'NONE',  ( 0.000000000000000000, 0.000000000000000000, 1.000000000000000000 ) ) ;
#489 = SURFACE_SIDE_STYLE ('',( #107 ) ) ;
#490 = FACE_OUTER_BOUND ( 'NONE', #58, .T. ) ;
#491 = EDGE_CURVE ( 'NONE', #1579, #1041, #401, .T. ) ;
#492 = CIRCLE ( 'NONE', #566, 0.4500000000000000111 ) ;
#493 = DIRECTION ( 'NONE',  ( -6.123233097634407590E-17, 0.8660254461247760549, 0.4999999266643770368 ) ) ;
#494 = DIRECTION ( 'NONE',  ( 1.000000000000000000, 0.000000000000000000, 0.000000000000000000 ) ) ;
#495 = PLANE ( 'NONE',  #1327 ) ;
#496 = ORIENTED_EDGE ( 'NONE', *, *, #1467, .T. ) ;
#497 =( GEOMETRIC_REPRESENTATION_CONTEXT ( 3 ) GLOBAL_UNCERTAINTY_ASSIGNED_CONTEXT ( ( #1627 ) ) GLOBAL_UNIT_ASSIGNED_CONTEXT ( ( #499, #156, #1299 ) ) REPRESENTATION_CONTEXT ( 'NONE', 'WORKASPACE' ) );
#498 = CIRCLE ( 'NONE', #145, 0.4500000000000000111 ) ;
#499 =( LENGTH_UNIT ( ) NAMED_UNIT ( * ) SI_UNIT ( .MILLI., .METRE. ) );
#500 = FILL_AREA_STYLE_COLOUR ( '', #1624 ) ;
#501 = SURFACE_SIDE_STYLE ('',( #102 ) ) ;
#502 = CARTESIAN_POINT ( 'NONE',  ( 6.445104738762999830, -0.6999999999999999556, 1.740580686186000037 ) ) ;
#503 = PLANE ( 'NONE',  #1314 ) ;
#504 = VERTEX_POINT ( 'NONE', #584 ) ;
#505 = ADVANCED_FACE ( 'NONE', ( #1326 ), #1230, .F. ) ;
#506 = SURFACE_STYLE_FILL_AREA ( #883 ) ;
#507 = SURFACE_SIDE_STYLE ('',( #888 ) ) ;
#508 =( GEOMETRIC_REPRESENTATION_CONTEXT ( 3 ) GLOBAL_UNCERTAINTY_ASSIGNED_CONTEXT ( ( #554 ) ) GLOBAL_UNIT_ASSIGNED_CONTEXT ( ( #565, #179, #61 ) ) REPRESENTATION_CONTEXT ( 'NONE', 'WORKASPACE' ) );
#509 = VECTOR ( 'NONE', #1295, 1000.000000000000000 ) ;
#510 = DIRECTION ( 'NONE',  ( 0.000000000000000000, 0.000000000000000000, 1.000000000000000000 ) ) ;
#511 = FACE_BOUND ( 'NONE', #403, .T. ) ;
#512 = EDGE_LOOP ( 'NONE', ( #1029, #1177, #829, #858 ) ) ;
#513 = CARTESIAN_POINT ( 'NONE',  ( 1.040000000000000036, -6.700000000000000178, -1.000000000000000000 ) ) ;
#514 = DIRECTION ( 'NONE',  ( 0.000000000000000000, 1.000000000000000000, 0.000000000000000000 ) ) ;
#515 = CIRCLE ( 'NONE', #1460, 2.099999999999999645 ) ;
#516 = EDGE_CURVE ( 'NONE', #422, #251, #1447, .T. ) ;
#517 = VECTOR ( 'NONE', #808, 1000.000000000000000 ) ;
#518 = DIRECTION ( 'NONE',  ( 0.000000000000000000, 0.8660254037844288266, 0.5000000000000169864 ) ) ;
#519 = PLANE ( 'NONE',  #441 ) ;
#520 =( NAMED_UNIT ( * ) SI_UNIT ( $, .STERADIAN. ) SOLID_ANGLE_UNIT ( ) );
#521 = ORIENTED_EDGE ( 'NONE', *, *, #657, .F. ) ;
#522 = CARTESIAN_POINT ( 'NONE',  ( 0.000000000000000000, -3.000000000000000000, -4.000000000000000000 ) ) ;
#523 = DIRECTION ( 'NONE',  ( 1.000000000000000000, 0.000000000000000000, 0.000000000000000000 ) ) ;
#524 = VECTOR ( 'NONE', #580, 1000.000000000000114 ) ;
#525 = DIRECTION ( 'NONE',  ( 0.000000000000000000, 0.000000000000000000, 1.000000000000000000 ) ) ;
#526 = ORIENTED_EDGE ( 'NONE', *, *, #1559, .F. ) ;
#527 = ORIENTED_EDGE ( 'NONE', *, *, #1069, .F. ) ;
#528 = LINE ( 'NONE', #223, #972 ) ;
#529 = CARTESIAN_POINT ( 'NONE',  ( 0.4400000000000002798, 0.000000000000000000, -2.571758278209441464E-16 ) ) ;
#530 = CONICAL_SURFACE ( 'NONE', #1477, 0.2998892365228999490, 0.5235986909176176818 ) ;
#531 = CARTESIAN_POINT ( 'NONE',  ( 7.620000000000000107, -10.00000000000000000, 0.4500000000000000111 ) ) ;
#532 = DIRECTION ( 'NONE',  ( 0.000000000000000000, -1.000000000000000000, 0.000000000000000000 ) ) ;
#533 = ORIENTED_EDGE ( 'NONE', *, *, #1587, .T. ) ;
#534 = CARTESIAN_POINT ( 'NONE',  ( 2.540000000000000036, -1.300000000000000044, 0.000000000000000000 ) ) ;
#535 = ORIENTED_EDGE ( 'NONE', *, *, #1669, .T. ) ;
#536 = ADVANCED_FACE ( 'NONE', ( #1470 ), #438, .T. ) ;
#537 = EDGE_CURVE ( 'NONE', #1575, #1019, #515, .T. ) ;
#538 = ORIENTED_EDGE ( 'NONE', *, *, #1552, .T. ) ;
#539 = DIRECTION ( 'NONE',  ( 0.000000000000000000, 1.000000000000000000, 0.000000000000000000 ) ) ;
#540 = ORIENTED_EDGE ( 'NONE', *, *, #1257, .T. ) ;
#541 = DIRECTION ( 'NONE',  ( 1.000000000000000000, 0.000000000000000000, 0.000000000000000000 ) ) ;
#542 = ORIENTED_EDGE ( 'NONE', *, *, #1509, .F. ) ;
#543 = DIRECTION ( 'NONE',  ( 0.000000000000000000, 1.000000000000000000, 0.000000000000000000 ) ) ;
#544 = MECHANICAL_DESIGN_GEOMETRIC_PRESENTATION_REPRESENTATION (  '', ( #848 ), #1192 ) ;
#545 = ADVANCED_FACE ( 'NONE', ( #548 ), #110, .F. ) ;
#546 = FILL_AREA_STYLE_COLOUR ( '', #1586 ) ;
#547 = ORIENTED_EDGE ( 'NONE', *, *, #775, .T. ) ;
#548 = FACE_OUTER_BOUND ( 'NONE', #1657, .T. ) ;
#549 = ADVANCED_FACE ( 'NONE', ( #742, #209 ), #995, .T. ) ;
#550 = EDGE_CURVE ( 'NONE', #39, #1579, #1512, .T. ) ;
#551 = CIRCLE ( 'NONE', #1506, 0.4500000000000000111 ) ;
#552 = LINE ( 'NONE', #644, #792 ) ;
#553 = ORIENTED_EDGE ( 'NONE', *, *, #256, .T. ) ;
#554 = UNCERTAINTY_MEASURE_WITH_UNIT (LENGTH_MEASURE( 1.000000000000000082E-05 ), #565, 'distance_accuracy_value', 'NONE');
#555 = DIRECTION ( 'NONE',  ( -1.000000000000000000, 0.000000000000000000, 0.000000000000000000 ) ) ;
#556 = FACE_OUTER_BOUND ( 'NONE', #918, .T. ) ;
#557 = DIRECTION ( 'NONE',  ( 0.000000000000000000, 0.000000000000000000, -1.000000000000000000 ) ) ;
#558 = EDGE_LOOP ( 'NONE', ( #308, #153, #325, #1195 ) ) ;
#559 = PLANE ( 'NONE',  #791 ) ;
#560 = EDGE_CURVE ( 'NONE', #1472, #956, #1384, .T. ) ;
#561 = ADVANCED_FACE ( 'NONE', ( #355 ), #495, .T. ) ;
#562 = DIRECTION ( 'NONE',  ( -0.7071067811865475727, 0.000000000000000000, 0.7071067811865475727 ) ) ;
#563 = EDGE_LOOP ( 'NONE', ( #1457, #1084, #13, #49 ) ) ;
#564 = LINE ( 'NONE', #1473, #597 ) ;
#565 =( LENGTH_UNIT ( ) NAMED_UNIT ( * ) SI_UNIT ( .MILLI., .METRE. ) );
#566 = AXIS2_PLACEMENT_3D ( 'NONE', #1536, #377, #600 ) ;
#567 = ORIENTED_EDGE ( 'NONE', *, *, #288, .F. ) ;
#568 =( NAMED_UNIT ( * ) SI_UNIT ( $, .STERADIAN. ) SOLID_ANGLE_UNIT ( ) );
#569 = ORIENTED_EDGE ( 'NONE', *, *, #1561, .F. ) ;
#570 = LINE ( 'NONE', #1079, #605 ) ;
#571 = LINE ( 'NONE', #168, #383 ) ;
#572 =( NAMED_UNIT ( * ) SI_UNIT ( $, .STERADIAN. ) SOLID_ANGLE_UNIT ( ) );
#573 = ORIENTED_EDGE ( 'NONE', *, *, #560, .F. ) ;
#574 = AXIS2_PLACEMENT_3D ( 'NONE', #1570, #143, #663 ) ;
#575 = CIRCLE ( 'NONE', #1603, 2.100000000000000089 ) ;
#576 = ORIENTED_EDGE ( 'NONE', *, *, #437, .F. ) ;
#577 = FACE_OUTER_BOUND ( 'NONE', #1093, .T. ) ;
#578 = FACE_OUTER_BOUND ( 'NONE', #820, .T. ) ;
#579 = EDGE_LOOP ( 'NONE', ( #989, #1619, #1030, #1165 ) ) ;
#580 = DIRECTION ( 'NONE',  ( -6.123233097634407590E-17, 0.8660254461247760549, 0.4999999266643770368 ) ) ;
#581 = SURFACE_SIDE_STYLE ('',( #591 ) ) ;
#582 = ORIENTED_EDGE ( 'NONE', *, *, #1587, .F. ) ;
#583 = ORIENTED_EDGE ( 'NONE', *, *, #1561, .T. ) ;
#584 = CARTESIAN_POINT ( 'NONE',  ( 7.620000000000000107, -13.27999982731000017, -0.4500000117021793478 ) ) ;
#585 = VECTOR ( 'NONE', #984, 1000.000000000000000 ) ;
#586 = CARTESIAN_POINT ( 'NONE',  ( 4.639999999999999680, -3.399999999999999911, 4.000000000000000000 ) ) ;
#587 = ORIENTED_EDGE ( 'NONE', *, *, #1410, .T. ) ;
#588 = CARTESIAN_POINT ( 'NONE',  ( 0.000000000000000000, 0.000000000000000000, 2.267949192430999794 ) ) ;
#589 = EDGE_CURVE ( 'NONE', #155, #39, #1412, .T. ) ;
#590 = UNCERTAINTY_MEASURE_WITH_UNIT (LENGTH_MEASURE( 1.000000000000000082E-05 ), #344, 'distance_accuracy_value', 'NONE');
#591 = SURFACE_STYLE_FILL_AREA ( #1208 ) ;
#592 = ORIENTED_EDGE ( 'NONE', *, *, #1108, .F. ) ;
#593 = PRESENTATION_STYLE_ASSIGNMENT (( #722 ) ) ;
#594 =( GEOMETRIC_REPRESENTATION_CONTEXT ( 3 ) GLOBAL_UNCERTAINTY_ASSIGNED_CONTEXT ( ( #1369 ) ) GLOBAL_UNIT_ASSIGNED_CONTEXT ( ( #1129, #368, #1114 ) ) REPRESENTATION_CONTEXT ( 'NONE', 'WORKASPACE' ) );
#595 = DIRECTION ( 'NONE',  ( 0.000000000000000000, -1.000000000000000000, 0.000000000000000000 ) ) ;
#596 = CIRCLE ( 'NONE', #1486, 2.099999999999999645 ) ;
#597 = VECTOR ( 'NONE', #1339, 1000.000000000000114 ) ;
#598 = CARTESIAN_POINT ( 'NONE',  ( 1.365104738762999981, -0.6999999999999999556, 1.740580686186000037 ) ) ;
#599 = ORIENTED_EDGE ( 'NONE', *, *, #66, .T. ) ;
#600 = DIRECTION ( 'NONE',  ( 0.000000000000000000, 0.000000000000000000, 1.000000000000000000 ) ) ;
#601 = PRESENTATION_STYLE_ASSIGNMENT (( #1123 ) ) ;
#602 = EDGE_CURVE ( 'NONE', #1088, #261, #338, .T. ) ;
#603 = DIRECTION ( 'NONE',  ( 0.000000000000000000, -1.000000000000000000, 0.000000000000000000 ) ) ;
#604 = CARTESIAN_POINT ( 'NONE',  ( 0.000000000000000000, 0.000000000000000000, 0.000000000000000000 ) ) ;
#605 = VECTOR ( 'NONE', #832, 1000.000000000000000 ) ;
#606 = AXIS2_PLACEMENT_3D ( 'NONE', #1104, #1630, #475 ) ;
#607 = LINE ( 'NONE', #1105, #328 ) ;
#608 = EDGE_LOOP ( 'NONE', ( #1246, #599, #1312, #442, #315, #816, #1464, #967 ) ) ;
#609 = ADVANCED_FACE ( 'NONE', ( #217, #511, #645 ), #1145, .T. ) ;
#610 = DIRECTION ( 'NONE',  ( -0.7071067811865474617, 0.000000000000000000, 0.7071067811865474617 ) ) ;
#611 = EDGE_CURVE ( 'NONE', #651, #736, #1406, .T. ) ;
#612 =( NAMED_UNIT ( * ) PLANE_ANGLE_UNIT ( ) SI_UNIT ( $, .RADIAN. ) );
#613 = LINE ( 'NONE', #502, #1596 ) ;
#614 = CARTESIAN_POINT ( 'NONE',  ( 5.519999999999999574, -8.800000000000000711, 4.000000000000000000 ) ) ;
#615 = ADVANCED_FACE ( 'NONE', ( #909, #1421, #250 ), #503, .T. ) ;
#616 = DIRECTION ( 'NONE',  ( 0.000000000000000000, 1.000000000000000000, 0.000000000000000000 ) ) ;
#617 = PRESENTATION_STYLE_ASSIGNMENT (( #1663 ) ) ;
#618 = CARTESIAN_POINT ( 'NONE',  ( 6.445104738762999830, -1.300000000000000044, 1.740580686186000037 ) ) ;
#619 = DIRECTION ( 'NONE',  ( 0.000000000000000000, 1.000000000000000000, 0.000000000000000000 ) ) ;
#620 = ORIENTED_EDGE ( 'NONE', *, *, #953, .T. ) ;
#621 = MECHANICAL_DESIGN_GEOMETRIC_PRESENTATION_REPRESENTATION (  '', ( #1264 ), #835 ) ;
#622 = VECTOR ( 'NONE', #623, 1000.000000000000000 ) ;
#623 = DIRECTION ( 'NONE',  ( 0.000000000000000000, -1.000000000000000000, 0.000000000000000000 ) ) ;
#624 = LINE ( 'NONE', #427, #1103 ) ;
#625 = CARTESIAN_POINT ( 'NONE',  ( 0.000000000000000000, -3.000000000000000000, -4.000000000000000000 ) ) ;
#626 = ADVANCED_FACE ( 'NONE', ( #283 ), #1178, .T. ) ;
#627 = FACE_OUTER_BOUND ( 'NONE', #941, .T. ) ;
#628 = DIRECTION ( 'NONE',  ( 0.000000000000000000, 1.000000000000000000, 0.000000000000000000 ) ) ;
#629 = CARTESIAN_POINT ( 'NONE',  ( 0.000000000000000000, 0.000000000000000000, 3.600000000000000089 ) ) ;
#630 = ORIENTED_EDGE ( 'NONE', *, *, #834, .T. ) ;
#631 = PRESENTATION_LAYER_ASSIGNMENT (  '', '', ( #764 ) ) ;
#632 = AXIS2_PLACEMENT_3D ( 'NONE', #138, #1581, #523 ) ;
#633 = MECHANICAL_DESIGN_GEOMETRIC_PRESENTATION_REPRESENTATION (  '', ( #932 ), #497 ) ;
#634 = DIRECTION ( 'NONE',  ( 1.000000000000000000, 0.000000000000000000, 0.000000000000000000 ) ) ;
#635 =( NAMED_UNIT ( * ) PLANE_ANGLE_UNIT ( ) SI_UNIT ( $, .RADIAN. ) );
#636 = DIRECTION ( 'NONE',  ( 0.000000000000000000, -1.000000000000000000, 0.000000000000000000 ) ) ;
#637 = DIRECTION ( 'NONE',  ( 0.000000000000000000, 0.000000000000000000, 1.000000000000000000 ) ) ;
#638 = SURFACE_STYLE_USAGE ( .BOTH. , #126 ) ;
#639 = ORIENTED_EDGE ( 'NONE', *, *, #657, .T. ) ;
#640 = DIRECTION ( 'NONE',  ( 0.000000000000000000, 1.000000000000000000, 0.000000000000000000 ) ) ;
#641 = CYLINDRICAL_SURFACE ( 'NONE', #713, 2.099999999999999645 ) ;
#642 =( NAMED_UNIT ( * ) SI_UNIT ( $, .STERADIAN. ) SOLID_ANGLE_UNIT ( ) );
#643 = CARTESIAN_POINT ( 'NONE',  ( 2.540000000000000036, -0.6999999999999999556, 0.000000000000000000 ) ) ;
#644 = CARTESIAN_POINT ( 'NONE',  ( 0.000000000000000000, -10.00000000000000000, 4.000000000000000000 ) ) ;
#645 = FACE_OUTER_BOUND ( 'NONE', #849, .T. ) ;
#646 = ORIENTED_EDGE ( 'NONE', *, *, #1183, .T. ) ;
#647 = DIRECTION ( 'NONE',  ( -0.7071067811865474617, 0.000000000000000000, 0.7071067811865474617 ) ) ;
#648 = CONICAL_SURFACE ( 'NONE', #139, 0.2998892365228999490, 0.5235986909176176818 ) ;
#649 = VECTOR ( 'NONE', #262, 1000.000000000000000 ) ;
#650 =( NAMED_UNIT ( * ) SI_UNIT ( $, .STERADIAN. ) SOLID_ANGLE_UNIT ( ) );
#651 = VERTEX_POINT ( 'NONE', #32 ) ;
#652 = VERTEX_POINT ( 'NONE', #513 ) ;
#653 = DIRECTION ( 'NONE',  ( 0.000000000000000000, 1.000000000000000000, 0.000000000000000000 ) ) ;
#654 = EDGE_CURVE ( 'NONE', #1217, #837, #1166, .T. ) ;
#655 = STYLED_ITEM ( 'NONE', ( #43 ), #1322 ) ;
#656 = VECTOR ( 'NONE', #1646, 1000.000000000000000 ) ;
#657 = EDGE_CURVE ( 'NONE', #195, #55, #1298, .T. ) ;
#658 =( NAMED_UNIT ( * ) SI_UNIT ( $, .STERADIAN. ) SOLID_ANGLE_UNIT ( ) );
#659 = SURFACE_STYLE_FILL_AREA ( #1584 ) ;
#660 = EDGE_CURVE ( 'NONE', #369, #966, #1031, .T. ) ;
#661 = EDGE_LOOP ( 'NONE', ( #1422, #1218, #583, #1414 ) ) ;
#662 =( GEOMETRIC_REPRESENTATION_CONTEXT ( 3 ) GLOBAL_UNCERTAINTY_ASSIGNED_CONTEXT ( ( #1300 ) ) GLOBAL_UNIT_ASSIGNED_CONTEXT ( ( #1048, #1413, #658 ) ) REPRESENTATION_CONTEXT ( 'NONE', 'WORKASPACE' ) );
#663 = DIRECTION ( 'NONE',  ( 0.000000000000000000, 0.000000000000000000, 1.000000000000000000 ) ) ;
#664 = ORIENTED_EDGE ( 'NONE', *, *, #729, .F. ) ;
#665 = AXIS2_PLACEMENT_3D ( 'NONE', #248, #1272, #1545 ) ;
#666 = CARTESIAN_POINT ( 'NONE',  ( 0.000000000000000000, 0.000000000000000000, 0.000000000000000000 ) ) ;
#667 = ORIENTED_EDGE ( 'NONE', *, *, #449, .F. ) ;
#668 = ORIENTED_EDGE ( 'NONE', *, *, #1647, .T. ) ;
#669 =( NAMED_UNIT ( * ) SI_UNIT ( $, .STERADIAN. ) SOLID_ANGLE_UNIT ( ) );
#670 = ORIENTED_EDGE ( 'NONE', *, *, #1148, .T. ) ;
#671 = CARTESIAN_POINT ( 'NONE',  ( 2.540000000000000036, -13.80000000164999996, -0.1497778297768000144 ) ) ;
#672 = ORIENTED_EDGE ( 'NONE', *, *, #870, .T. ) ;
#673 = CIRCLE ( 'NONE', #1380, 0.1497778297768000144 ) ;
#674 = AXIS2_PLACEMENT_3D ( 'NONE', #1256, #1392, #367 ) ;
#675 = CIRCLE ( 'NONE', #409, 1.499999999999999556 ) ;
#676 = SHAPE_DEFINITION_REPRESENTATION ( #842, #1239 ) ;
#677 = ADVANCED_FACE ( 'NONE', ( #1158 ), #1551, .F. ) ;
#678 = DIRECTION ( 'NONE',  ( 1.000000000000000000, 0.000000000000000000, 0.000000000000000000 ) ) ;
#679 = EDGE_LOOP ( 'NONE', ( #336, #206, #22, #1429 ) ) ;
#680 = CARTESIAN_POINT ( 'NONE',  ( 2.540000000000000036, -0.6999999999999999556, 0.000000000000000000 ) ) ;
#681 = FILL_AREA_STYLE ('',( #433 ) ) ;
#682 = CARTESIAN_POINT ( 'NONE',  ( 0.000000000000000000, 0.000000000000000000, -2.267949192430999794 ) ) ;
#683 = ORIENTED_EDGE ( 'NONE', *, *, #177, .F. ) ;
#684 = MECHANICAL_DESIGN_GEOMETRIC_PRESENTATION_REPRESENTATION (  '', ( #764 ), #1635 ) ;
#685 = MECHANICAL_DESIGN_GEOMETRIC_PRESENTATION_REPRESENTATION (  '', ( #1056 ), #1111 ) ;
#686 = DIRECTION ( 'NONE',  ( 1.000000000000000000, 0.000000000000000000, 0.000000000000000000 ) ) ;
#687 = LINE ( 'NONE', #410, #509 ) ;
#688 = ORIENTED_EDGE ( 'NONE', *, *, #203, .F. ) ;
#689 = ADVANCED_FACE ( 'NONE', ( #423 ), #1305, .T. ) ;
#690 = ADVANCED_FACE ( 'NONE', ( #1051 ), #386, .F. ) ;
#691 = APPLICATION_CONTEXT ( 'automotive_design' ) ;
#692 = CARTESIAN_POINT ( 'NONE',  ( 10.16000000000000014, 0.000000000000000000, 0.000000000000000000 ) ) ;
#693 = VECTOR ( 'NONE', #453, 1000.000000000000000 ) ;
#694 = FACE_BOUND ( 'NONE', #218, .T. ) ;
#695 = CARTESIAN_POINT ( 'NONE',  ( 7.620000000000000107, -6.700000000000000178, -1.000000000000000000 ) ) ;
#696 = DIRECTION ( 'NONE',  ( 0.000000000000000000, 1.000000000000000000, 0.000000000000000000 ) ) ;
#697 = ORIENTED_EDGE ( 'NONE', *, *, #1385, .T. ) ;
#698 = LINE ( 'NONE', #1210, #1644 ) ;
#699 = CARTESIAN_POINT ( 'NONE',  ( 4.639999999999999680, -3.399999999999999911, 3.600000000000000089 ) ) ;
#700 = CIRCLE ( 'NONE', #833, 1.499999999999999556 ) ;
#701 = DIRECTION ( 'NONE',  ( 1.000000000000000000, 0.000000000000000000, 0.000000000000000000 ) ) ;
#702 = ORIENTED_EDGE ( 'NONE', *, *, #1020, .T. ) ;
#703 = VECTOR ( 'NONE', #477, 1000.000000000000000 ) ;
#704 = VERTEX_POINT ( 'NONE', #21 ) ;
#705 = LINE ( 'NONE', #1602, #693 ) ;
#706 = DIRECTION ( 'NONE',  ( 0.000000000000000000, 1.000000000000000000, 0.000000000000000000 ) ) ;
#707 = ORIENTED_EDGE ( 'NONE', *, *, #766, .F. ) ;
#708 = DIRECTION ( 'NONE',  ( 1.000000000000000000, 0.000000000000000000, 0.000000000000000000 ) ) ;
#709 = CARTESIAN_POINT ( 'NONE',  ( 9.719999999999998863, -3.399999999999999911, 4.000000000000000000 ) ) ;
#710 = DIRECTION ( 'NONE',  ( 1.000000000000000000, 0.000000000000000000, 0.000000000000000000 ) ) ;
#711 = EDGE_LOOP ( 'NONE', ( #1102, #429, #576, #276 ) ) ;
#712 = STYLED_ITEM ( 'NONE', ( #230 ), #142 ) ;
#713 = AXIS2_PLACEMENT_3D ( 'NONE', #1168, #514, #254 ) ;
#714 = MECHANICAL_DESIGN_GEOMETRIC_PRESENTATION_REPRESENTATION (  '', ( #1386 ), #1008 ) ;
#715 = ORIENTED_EDGE ( 'NONE', *, *, #1183, .F. ) ;
#716 = DIRECTION ( 'NONE',  ( -0.8288479458028400471, 0.000000000000000000, 0.5594739339222268848 ) ) ;
#717 = EDGE_CURVE ( 'NONE', #320, #369, #596, .T. ) ;
#718 = DIRECTION ( 'NONE',  ( 0.000000000000000000, 1.000000000000000000, 0.000000000000000000 ) ) ;
#719 = ORIENTED_EDGE ( 'NONE', *, *, #1148, .F. ) ;
#720 = CARTESIAN_POINT ( 'NONE',  ( 0.4400000000000002798, -0.6999999999999999556, -2.571758278209441464E-16 ) ) ;
#721 = ORIENTED_EDGE ( 'NONE', *, *, #485, .T. ) ;
#722 = SURFACE_STYLE_USAGE ( .BOTH. , #207 ) ;
#723 = DIRECTION ( 'NONE',  ( 0.000000000000000000, 0.000000000000000000, 1.000000000000000000 ) ) ;
#724 = CIRCLE ( 'NONE', #1532, 2.099999999999999645 ) ;
#725 = DIRECTION ( 'NONE',  ( 0.000000000000000000, 0.000000000000000000, -1.000000000000000000 ) ) ;
#726 = ORIENTED_EDGE ( 'NONE', *, *, #1399, .T. ) ;
#727 = CIRCLE ( 'NONE', #1674, 1.499999999999999556 ) ;
#728 =( NAMED_UNIT ( * ) PLANE_ANGLE_UNIT ( ) SI_UNIT ( $, .RADIAN. ) );
#729 = EDGE_CURVE ( 'NONE', #1593, #1575, #1022, .T. ) ;
#730 = UNCERTAINTY_MEASURE_WITH_UNIT (LENGTH_MEASURE( 1.000000000000000082E-05 ), #1408, 'distance_accuracy_value', 'NONE');
#731 = CARTESIAN_POINT ( 'NONE',  ( 10.16000000000000014, 0.000000000000000000, -2.267949192430999794 ) ) ;
#732 = DIRECTION ( 'NONE',  ( 0.000000000000000000, -1.000000000000000000, 0.000000000000000000 ) ) ;
#733 = AXIS2_PLACEMENT_3D ( 'NONE', #604, #484, #619 ) ;
#734 = VECTOR ( 'NONE', #907, 1000.000000000000114 ) ;
#735 = EDGE_CURVE ( 'NONE', #1014, #1290, #700, .T. ) ;
#736 = VERTEX_POINT ( 'NONE', #901 ) ;
#737 = DIRECTION ( 'NONE',  ( 1.000000000000000000, 0.000000000000000000, 0.000000000000000000 ) ) ;
#738 = SURFACE_STYLE_FILL_AREA ( #1089 ) ;
#739 =( NAMED_UNIT ( * ) SI_UNIT ( $, .STERADIAN. ) SOLID_ANGLE_UNIT ( ) );
#740 = FACE_OUTER_BOUND ( 'NONE', #30, .T. ) ;
#741 = CARTESIAN_POINT ( 'NONE',  ( 2.540000000000000036, 0.000000000000000000, 0.000000000000000000 ) ) ;
#742 = FACE_BOUND ( 'NONE', #1235, .T. ) ;
#743 = STYLED_ITEM ( 'NONE', ( #100 ), #1143 ) ;
#744 = EDGE_CURVE ( 'NONE', #1443, #945, #673, .T. ) ;
#745 = EDGE_CURVE ( 'NONE', #704, #39, #528, .T. ) ;
#746 = SURFACE_SIDE_STYLE ('',( #506 ) ) ;
#747 = SURFACE_STYLE_USAGE ( .BOTH. , #1515 ) ;
#748 = LINE ( 'NONE', #1655, #757 ) ;
#749 = SURFACE_SIDE_STYLE ('',( #1267 ) ) ;
#750 = AXIS2_PLACEMENT_3D ( 'NONE', #643, #760, #1036 ) ;
#751 = DIRECTION ( 'NONE',  ( -0.000000000000000000, 1.000000000000000000, 0.000000000000000000 ) ) ;
#752 = DIRECTION ( 'NONE',  ( 0.000000000000000000, 1.000000000000000000, 0.000000000000000000 ) ) ;
#753 = FILL_AREA_STYLE ('',( #1362 ) ) ;
#754 = FILL_AREA_STYLE ('',( #337 ) ) ;
#755 = ORIENTED_EDGE ( 'NONE', *, *, #903, .T. ) ;
#756 = STYLED_ITEM ( 'NONE', ( #1389 ), #860 ) ;
#757 = VECTOR ( 'NONE', #616, 1000.000000000000000 ) ;
#758 = AXIS2_PLACEMENT_3D ( 'NONE', #178, #1456, #1073 ) ;
#759 = FACE_BOUND ( 'NONE', #1458, .T. ) ;
#760 = DIRECTION ( 'NONE',  ( 0.000000000000000000, -1.000000000000000000, 0.000000000000000000 ) ) ;
#761 = CARTESIAN_POINT ( 'NONE',  ( 2.540000000000000036, -13.27999982731000017, -0.4500000117021793478 ) ) ;
#762 = FILL_AREA_STYLE_COLOUR ( '', #389 ) ;
#763 = VERTEX_POINT ( 'NONE', #761 ) ;
#764 = STYLED_ITEM ( 'NONE', ( #1275 ), #609 ) ;
#765 = CIRCLE ( 'NONE', #1223, 0.4500000000000000111 ) ;
#766 = EDGE_CURVE ( 'NONE', #1569, #1052, #873, .T. ) ;
#767 =( LENGTH_UNIT ( ) NAMED_UNIT ( * ) SI_UNIT ( .MILLI., .METRE. ) );
#768 = DIRECTION ( 'NONE',  ( 0.000000000000000000, 1.000000000000000000, 0.000000000000000000 ) ) ;
#769 = DIRECTION ( 'NONE',  ( 1.000000000000000000, 0.000000000000000000, 0.000000000000000000 ) ) ;
#770 = CARTESIAN_POINT ( 'NONE',  ( 0.000000000000000000, 0.000000000000000000, -4.000000000000000000 ) ) ;
#771 = VECTOR ( 'NONE', #1187, 1000.000000000000000 ) ;
#772 = ORIENTED_EDGE ( 'NONE', *, *, #94, .F. ) ;
#773 = CARTESIAN_POINT ( 'NONE',  ( 1.365104738762999981, -0.6999999999999999556, 1.740580686186000037 ) ) ;
#774 = SURFACE_STYLE_USAGE ( .BOTH. , #1442 ) ;
#775 = EDGE_CURVE ( 'NONE', #1528, #823, #1180, .T. ) ;
#776 = AXIS2_PLACEMENT_3D ( 'NONE', #1302, #539, #1563 ) ;
#777 = PRODUCT_CONTEXT ( 'NONE', #1318, 'mechanical' ) ;
#778 = VERTEX_POINT ( 'NONE', #249 ) ;
#779 = ORIENTED_EDGE ( 'NONE', *, *, #1648, .F. ) ;
#780 = SURFACE_SIDE_STYLE ('',( #893 ) ) ;
#781 = CARTESIAN_POINT ( 'NONE',  ( 4.639999999999999680, -8.800000000000000711, 4.000000000000000000 ) ) ;
#782 = VECTOR ( 'NONE', #794, 1000.000000000000000 ) ;
#783 = EDGE_CURVE ( 'NONE', #1041, #1610, #125, .T. ) ;
#784 =( LENGTH_UNIT ( ) NAMED_UNIT ( * ) SI_UNIT ( .MILLI., .METRE. ) );
#785 = LINE ( 'NONE', #275, #1641 ) ;
#786 = EDGE_LOOP ( 'NONE', ( #1605, #171, #702, #721 ) ) ;
#787 = ORIENTED_EDGE ( 'NONE', *, *, #331, .F. ) ;
#788 = CARTESIAN_POINT ( 'NONE',  ( 0.000000000000000000, 0.000000000000000000, 4.000000000000000000 ) ) ;
#789 = CARTESIAN_POINT ( 'NONE',  ( 2.540000000000000036, -10.00000000000000000, -0.4500000000000000111 ) ) ;
#790 = MECHANICAL_DESIGN_GEOMETRIC_PRESENTATION_REPRESENTATION (  '', ( #712 ), #197 ) ;
#791 = AXIS2_PLACEMENT_3D ( 'NONE', #1597, #319, #1087 ) ;
#792 = VECTOR ( 'NONE', #1058, 1000.000000000000000 ) ;
#793 = ORIENTED_EDGE ( 'NONE', *, *, #65, .T. ) ;
#794 = DIRECTION ( 'NONE',  ( 0.000000000000000000, -1.000000000000000000, 0.000000000000000000 ) ) ;
#795 = PLANE ( 'NONE',  #351 ) ;
#796 = ORIENTED_EDGE ( 'NONE', *, *, #1333, .T. ) ;
#797 = CARTESIAN_POINT ( 'NONE',  ( 4.040000000000000036, -6.700000000000000178, 4.000000000000000000 ) ) ;
#798 = ORIENTED_EDGE ( 'NONE', *, *, #735, .T. ) ;
#799 = EDGE_CURVE ( 'NONE', #652, #1228, #1251, .T. ) ;
#800 = CARTESIAN_POINT ( 'NONE',  ( 0.000000000000000000, 0.000000000000000000, 3.600000000000000089 ) ) ;
#801 = EDGE_LOOP ( 'NONE', ( #1062, #1205 ) ) ;
#802 = CIRCLE ( 'NONE', #1394, 0.1497778297768000144 ) ;
#803 = DIRECTION ( 'NONE',  ( 0.8288479458028400471, 0.000000000000000000, -0.5594739339222268848 ) ) ;
#804 = LINE ( 'NONE', #1311, #1454 ) ;
#805 = ORIENTED_EDGE ( 'NONE', *, *, #929, .T. ) ;
#806 = CARTESIAN_POINT ( 'NONE',  ( 2.540000000000000036, -13.53999936752999922, 0.000000000000000000 ) ) ;
#807 = STYLED_ITEM ( 'NONE', ( #1494 ), #545 ) ;
#808 = DIRECTION ( 'NONE',  ( 0.000000000000000000, -1.000000000000000000, 0.000000000000000000 ) ) ;
#809 = EDGE_LOOP ( 'NONE', ( #298, #573, #1342, #1618 ) ) ;
#810 = VECTOR ( 'NONE', #1395, 1000.000000000000000 ) ;
#811 = UNCERTAINTY_MEASURE_WITH_UNIT (LENGTH_MEASURE( 1.000000000000000082E-05 ), #481, 'distance_accuracy_value', 'NONE');
#812 = CIRCLE ( 'NONE', #357, 2.100000000000000089 ) ;
#813 = DIRECTION ( 'NONE',  ( 0.000000000000000000, 1.000000000000000000, 0.000000000000000000 ) ) ;
#814 = EDGE_CURVE ( 'NONE', #1156, #1041, #613, .T. ) ;
#815 = EDGE_LOOP ( 'NONE', ( #24, #191, #1050, #940 ) ) ;
#816 = ORIENTED_EDGE ( 'NONE', *, *, #814, .T. ) ;
#817 = DIRECTION ( 'NONE',  ( 0.000000000000000000, -1.000000000000000000, 0.000000000000000000 ) ) ;
#818 = FILL_AREA_STYLE_COLOUR ( '', #1415 ) ;
#819 = CARTESIAN_POINT ( 'NONE',  ( 2.540000000000000036, -13.53999936752999922, -0.2998892365228999490 ) ) ;
#820 = EDGE_LOOP ( 'NONE', ( #1469, #1097, #1332, #630 ) ) ;
#821 = CYLINDRICAL_SURFACE ( 'NONE', #758, 1.499999999999999556 ) ;
#822 = DIRECTION ( 'NONE',  ( 0.000000000000000000, 1.000000000000000000, 0.000000000000000000 ) ) ;
#823 = VERTEX_POINT ( 'NONE', #1120 ) ;
#824 = AXIS2_PLACEMENT_3D ( 'NONE', #666, #1169, #420 ) ;
#825 = STYLED_ITEM ( 'NONE', ( #50 ), #430 ) ;
#826 = CARTESIAN_POINT ( 'NONE',  ( 7.620000000000000107, -13.80000000164999996, 0.1497778297768000144 ) ) ;
#827 = LINE ( 'NONE', #1226, #31 ) ;
#828 = ORIENTED_EDGE ( 'NONE', *, *, #1450, .F. ) ;
#829 = ORIENTED_EDGE ( 'NONE', *, *, #1076, .T. ) ;
#830 =( NAMED_UNIT ( * ) SI_UNIT ( $, .STERADIAN. ) SOLID_ANGLE_UNIT ( ) );
#831 = ORIENTED_EDGE ( 'NONE', *, *, #1271, .T. ) ;
#832 = DIRECTION ( 'NONE',  ( 1.000000000000000000, 0.000000000000000000, 0.000000000000000000 ) ) ;
#833 = AXIS2_PLACEMENT_3D ( 'NONE', #252, #128, #1149 ) ;
#834 = EDGE_CURVE ( 'NONE', #1367, #926, #1137, .T. ) ;
#835 =( GEOMETRIC_REPRESENTATION_CONTEXT ( 3 ) GLOBAL_UNCERTAINTY_ASSIGNED_CONTEXT ( ( #1591 ) ) GLOBAL_UNIT_ASSIGNED_CONTEXT ( ( #1066, #1091, #572 ) ) REPRESENTATION_CONTEXT ( 'NONE', 'WORKASPACE' ) );
#836 = PLANE ( 'NONE',  #874 ) ;
#837 = VERTEX_POINT ( 'NONE', #1127 ) ;
#838 = ADVANCED_FACE ( 'NONE', ( #490 ), #1265, .F. ) ;
#839 = STYLED_ITEM ( 'NONE', ( #364 ), #1453 ) ;
#840 = ORIENTED_EDGE ( 'NONE', *, *, #240, .T. ) ;
#841 = DIRECTION ( 'NONE',  ( 0.000000000000000000, 0.000000000000000000, -1.000000000000000000 ) ) ;
#842 = PRODUCT_DEFINITION_SHAPE ( 'NONE', 'NONE',  #1617 ) ;
#843 = DIRECTION ( 'NONE',  ( 0.000000000000000000, 0.000000000000000000, -1.000000000000000000 ) ) ;
#844 = ORIENTED_EDGE ( 'NONE', *, *, #390, .T. ) ;
#845 = DIRECTION ( 'NONE',  ( -1.000000000000000000, 0.000000000000000000, 0.000000000000000000 ) ) ;
#846 = UNCERTAINTY_MEASURE_WITH_UNIT (LENGTH_MEASURE( 1.000000000000000082E-05 ), #225, 'distance_accuracy_value', 'NONE');
#847 = CARTESIAN_POINT ( 'NONE',  ( 7.620000000000000107, -10.00000000000000000, 0.000000000000000000 ) ) ;
#848 = STYLED_ITEM ( 'NONE', ( #1292 ), #615 ) ;
#849 = EDGE_LOOP ( 'NONE', ( #1550, #186, #542, #755 ) ) ;
#850 = AXIS2_PLACEMENT_3D ( 'NONE', #1162, #10, #768 ) ;
#851 = COLOUR_RGB ( '',0.08627450980392156743, 0.3803921568627450789, 1.000000000000000000 ) ;
#852 = COLOUR_RGB ( '',0.08627450980392156743, 0.3803921568627450789, 1.000000000000000000 ) ;
#853 =( NAMED_UNIT ( * ) PLANE_ANGLE_UNIT ( ) SI_UNIT ( $, .RADIAN. ) );
#854 = EDGE_LOOP ( 'NONE', ( #1549, #900 ) ) ;
#855 =( NAMED_UNIT ( * ) PLANE_ANGLE_UNIT ( ) SI_UNIT ( $, .RADIAN. ) );
#856 = EDGE_CURVE ( 'NONE', #1325, #422, #1000, .T. ) ;
#857 = DIRECTION ( 'NONE',  ( 0.000000000000000000, 0.000000000000000000, -1.000000000000000000 ) ) ;
#858 = ORIENTED_EDGE ( 'NONE', *, *, #1518, .F. ) ;
#859 = EDGE_CURVE ( 'NONE', #1575, #320, #1521, .T. ) ;
#860 = ADVANCED_FACE ( 'NONE', ( #239 ), #117, .F. ) ;
#861 = PLANE ( 'NONE',  #213 ) ;
#862 = DIRECTION ( 'NONE',  ( 0.000000000000000000, -1.000000000000000000, 0.000000000000000000 ) ) ;
#863 = STYLED_ITEM ( 'NONE', ( #617 ), #92 ) ;
#864 = LINE ( 'NONE', #1375, #1516 ) ;
#865 = ORIENTED_EDGE ( 'NONE', *, *, #1034, .F. ) ;
#866 = VECTOR ( 'NONE', #1049, 1000.000000000000000 ) ;
#867 = CARTESIAN_POINT ( 'NONE',  ( 2.540000000000000036, -13.53999936752999922, 0.2998892365228999490 ) ) ;
#868 = LINE ( 'NONE', #480, #524 ) ;
#869 = CARTESIAN_POINT ( 'NONE',  ( 10.16000000000000014, -10.00000000000000000, 4.000000000000000000 ) ) ;
#870 = EDGE_CURVE ( 'NONE', #18, #1666, #1411, .T. ) ;
#871 = DIRECTION ( 'NONE',  ( 0.000000000000000000, 1.000000000000000000, 0.000000000000000000 ) ) ;
#872 = EDGE_CURVE ( 'NONE', #945, #1443, #1100, .T. ) ;
#873 = LINE ( 'NONE', #1273, #810 ) ;
#874 = AXIS2_PLACEMENT_3D ( 'NONE', #47, #1207, #448 ) ;
#875 = SURFACE_STYLE_USAGE ( .BOTH. , #749 ) ;
#876 = VECTOR ( 'NONE', #374, 1000.000000000000000 ) ;
#877 = DIRECTION ( 'NONE',  ( 0.000000000000000000, -1.000000000000000000, 0.000000000000000000 ) ) ;
#878 = CARTESIAN_POINT ( 'NONE',  ( 0.000000000000000000, -10.00000000000000000, 4.000000000000000000 ) ) ;
#879 = DIRECTION ( 'NONE',  ( 0.000000000000000000, 1.000000000000000000, 0.000000000000000000 ) ) ;
#880 = DIRECTION ( 'NONE',  ( 0.000000000000000000, 0.8660254037844288266, 0.5000000000000169864 ) ) ;
#881 = DIRECTION ( 'NONE',  ( 0.000000000000000000, -1.000000000000000000, 0.000000000000000000 ) ) ;
#882 = AXIS2_PLACEMENT_3D ( 'NONE', #462, #982, #106 ) ;
#883 = FILL_AREA_STYLE ('',( #1117 ) ) ;
#884 = CARTESIAN_POINT ( 'NONE',  ( 7.620000000000000107, -10.00000000000000000, 0.000000000000000000 ) ) ;
#885 =( NAMED_UNIT ( * ) SI_UNIT ( $, .STERADIAN. ) SOLID_ANGLE_UNIT ( ) );
#886 = ORIENTED_EDGE ( 'NONE', *, *, #8, .T. ) ;
#887 = CARTESIAN_POINT ( 'NONE',  ( 7.620000000000000107, -6.700000000000000178, -1.000000000000000000 ) ) ;
#888 = SURFACE_STYLE_FILL_AREA ( #1270 ) ;
#889 = CARTESIAN_POINT ( 'NONE',  ( 0.000000000000000000, -10.00000000000000000, -4.000000000000000000 ) ) ;
#890 = CARTESIAN_POINT ( 'NONE',  ( 10.16000000000000014, -3.000000000000000000, -4.000000000000000000 ) ) ;
#891 = SURFACE_STYLE_FILL_AREA ( #1383 ) ;
#892 = EDGE_CURVE ( 'NONE', #651, #18, #1308, .T. ) ;
#893 = SURFACE_STYLE_FILL_AREA ( #1534 ) ;
#894 = ORIENTED_EDGE ( 'NONE', *, *, #177, .T. ) ;
#895 = AXIS2_PLACEMENT_3D ( 'NONE', #173, #443, #1620 ) ;
#896 = PRESENTATION_LAYER_ASSIGNMENT (  '', '', ( #408 ) ) ;
#897 = PRESENTATION_LAYER_ASSIGNMENT (  '', '', ( #839 ) ) ;
#898 = DIRECTION ( 'NONE',  ( 0.7071067811865474617, 0.000000000000000000, -0.7071067811865474617 ) ) ;
#899 = DIRECTION ( 'NONE',  ( 1.000000000000000000, 0.000000000000000000, 0.000000000000000000 ) ) ;
#900 = ORIENTED_EDGE ( 'NONE', *, *, #744, .T. ) ;
#901 = CARTESIAN_POINT ( 'NONE',  ( 0.4400000000000000022, -3.399999999999999911, 3.600000000000000089 ) ) ;
#902 = VECTOR ( 'NONE', #1287, 1000.000000000000000 ) ;
#903 = EDGE_CURVE ( 'NONE', #912, #457, #166, .T. ) ;
#904 = DIRECTION ( 'NONE',  ( 0.000000000000000000, 0.000000000000000000, -1.000000000000000000 ) ) ;
#905 = CARTESIAN_POINT ( 'NONE',  ( 0.000000000000000000, -10.00000000000000000, -4.000000000000000000 ) ) ;
#906 = EDGE_CURVE ( 'NONE', #1156, #1232, #1186, .T. ) ;
#907 = DIRECTION ( 'NONE',  ( 0.7071067811865474617, 0.000000000000000000, -0.7071067811865474617 ) ) ;
#908 = DIRECTION ( 'NONE',  ( 0.000000000000000000, 1.000000000000000000, 0.000000000000000000 ) ) ;
#909 = FACE_BOUND ( 'NONE', #1363, .T. ) ;
#910 = VERTEX_POINT ( 'NONE', #826 ) ;
#911 = MECHANICAL_DESIGN_GEOMETRIC_PRESENTATION_REPRESENTATION (  '', ( #825 ), #1202 ) ;
#912 = VERTEX_POINT ( 'NONE', #682 ) ;
#913 = DIRECTION ( 'NONE',  ( 1.000000000000000000, 0.000000000000000000, 0.000000000000000000 ) ) ;
#914 = ADVANCED_FACE ( 'NONE', ( #950 ), #519, .F. ) ;
#915 = LINE ( 'NONE', #149, #902 ) ;
#916 = CARTESIAN_POINT ( 'NONE',  ( 10.16000000000000014, -10.00000000000000000, -4.000000000000000000 ) ) ;
#917 = ADVANCED_FACE ( 'NONE', ( #435 ), #189, .T. ) ;
#918 = EDGE_LOOP ( 'NONE', ( #293, #1200, #1571, #135 ) ) ;
#919 = ORIENTED_EDGE ( 'NONE', *, *, #1503, .F. ) ;
#920 = DIRECTION ( 'NONE',  ( -0.000000000000000000, 1.000000000000000000, 0.000000000000000000 ) ) ;
#921 = VECTOR ( 'NONE', #103, 1000.000000000000114 ) ;
#922 = AXIS2_PLACEMENT_3D ( 'NONE', #847, #822, #1331 ) ;
#923 = AXIS2_PLACEMENT_3D ( 'NONE', #878, #370, #1142 ) ;
#924 = ORIENTED_EDGE ( 'NONE', *, *, #1616, .T. ) ;
#925 = EDGE_LOOP ( 'NONE', ( #948, #277, #620, #553, #831, #840 ) ) ;
#926 = VERTEX_POINT ( 'NONE', #157 ) ;
#927 = DIRECTION ( 'NONE',  ( 0.000000000000000000, 0.000000000000000000, 1.000000000000000000 ) ) ;
#928 = ORIENTED_EDGE ( 'NONE', *, *, #66, .F. ) ;
#929 = EDGE_CURVE ( 'NONE', #1228, #55, #1653, .T. ) ;
#930 = FILL_AREA_STYLE_COLOUR ( '', #851 ) ;
#931 = AXIS2_PLACEMENT_3D ( 'NONE', #999, #1393, #1519 ) ;
#932 = STYLED_ITEM ( 'NONE', ( #371 ), #1161 ) ;
#933 = EDGE_LOOP ( 'NONE', ( #1351, #452, #787, #478 ) ) ;
#934 = ORIENTED_EDGE ( 'NONE', *, *, #317, .F. ) ;
#935 = ORIENTED_EDGE ( 'NONE', *, *, #1108, .T. ) ;
#936 = DIRECTION ( 'NONE',  ( 0.000000000000000000, 0.000000000000000000, 1.000000000000000000 ) ) ;
#937 = CARTESIAN_POINT ( 'NONE',  ( 0.7994193138141000299, -1.300000000000000044, 1.174895261237000055 ) ) ;
#938 = VERTEX_POINT ( 'NONE', #1582 ) ;
#939 = DIRECTION ( 'NONE',  ( 1.000000000000000000, 0.000000000000000000, 0.000000000000000000 ) ) ;
#940 = ORIENTED_EDGE ( 'NONE', *, *, #856, .T. ) ;
#941 = EDGE_LOOP ( 'NONE', ( #1040, #1446, #924, #1643 ) ) ;
#942 = CARTESIAN_POINT ( 'NONE',  ( 1.365104738762999981, -1.300000000000000044, 1.740580686186000037 ) ) ;
#943 = AXIS2_PLACEMENT_3D ( 'NONE', #629, #723, #1665 ) ;
#944 = LINE ( 'NONE', #455, #1440 ) ;
#945 = VERTEX_POINT ( 'NONE', #671 ) ;
#946 = AXIS2_PLACEMENT_3D ( 'NONE', #109, #483, #362 ) ;
#947 = DIRECTION ( 'NONE',  ( 0.000000000000000000, 1.000000000000000000, 0.000000000000000000 ) ) ;
#948 = ORIENTED_EDGE ( 'NONE', *, *, #306, .T. ) ;
#949 = DIRECTION ( 'NONE',  ( 1.000000000000000000, 0.000000000000000000, 0.000000000000000000 ) ) ;
#950 = FACE_OUTER_BOUND ( 'NONE', #1221, .T. ) ;
#951 = VERTEX_POINT ( 'NONE', #52 ) ;
#952 = PRESENTATION_LAYER_ASSIGNMENT (  '', '', ( #743 ) ) ;
#953 = EDGE_CURVE ( 'NONE', #1345, #334, #944, .T. ) ;
#954 = DIRECTION ( 'NONE',  ( 0.000000000000000000, 0.8660254461247760549, -0.4999999266643770368 ) ) ;
#955 = DIRECTION ( 'NONE',  ( 1.000000000000000000, 0.000000000000000000, 0.000000000000000000 ) ) ;
#956 = VERTEX_POINT ( 'NONE', #699 ) ;
#957 = VERTEX_POINT ( 'NONE', #1204 ) ;
#958 = LINE ( 'NONE', #431, #104 ) ;
#959 = VERTEX_POINT ( 'NONE', #1463 ) ;
#960 = PRODUCT_DEFINITION_FORMATION_WITH_SPECIFIED_SOURCE ( 'ANY', '', #472, .NOT_KNOWN. ) ;
#961 = EDGE_CURVE ( 'NONE', #1594, #334, #552, .T. ) ;
#962 = DIRECTION ( 'NONE',  ( 0.000000000000000000, 1.000000000000000000, 0.000000000000000000 ) ) ;
#963 = VECTOR ( 'NONE', #518, 1000.000000000000114 ) ;
#964 = FACE_OUTER_BOUND ( 'NONE', #141, .T. ) ;
#965 = SURFACE_STYLE_USAGE ( .BOTH. , #581 ) ;
#966 = VERTEX_POINT ( 'NONE', #937 ) ;
#967 = ORIENTED_EDGE ( 'NONE', *, *, #550, .F. ) ;
#968 = DIRECTION ( 'NONE',  ( 0.000000000000000000, 1.000000000000000000, 0.000000000000000000 ) ) ;
#969 =( NAMED_UNIT ( * ) SI_UNIT ( $, .STERADIAN. ) SOLID_ANGLE_UNIT ( ) );
#970 = ORIENTED_EDGE ( 'NONE', *, *, #380, .F. ) ;
#971 = FACE_OUTER_BOUND ( 'NONE', #579, .T. ) ;
#972 = VECTOR ( 'NONE', #1672, 1000.000000000000114 ) ;
#973 = AXIS2_PLACEMENT_3D ( 'NONE', #1468, #1227, #73 ) ;
#974 = SURFACE_STYLE_FILL_AREA ( #54 ) ;
#975 = EDGE_LOOP ( 'NONE', ( #111, #324, #446, #1583 ) ) ;
#976 = VECTOR ( 'NONE', #898, 1000.000000000000114 ) ;
#977 = ORIENTED_EDGE ( 'NONE', *, *, #602, .T. ) ;
#978 = SURFACE_SIDE_STYLE ('',( #363 ) ) ;
#979 = DIRECTION ( 'NONE',  ( 0.000000000000000000, 0.000000000000000000, -1.000000000000000000 ) ) ;
#980 = ORIENTED_EDGE ( 'NONE', *, *, #1132, .F. ) ;
#981 = EDGE_CURVE ( 'NONE', #251, #1052, #1420, .T. ) ;
#982 = DIRECTION ( 'NONE',  ( 0.000000000000000000, -0.5000000000000169864, 0.8660254037844288266 ) ) ;
#983 = UNCERTAINTY_MEASURE_WITH_UNIT (LENGTH_MEASURE( 1.000000000000000082E-05 ), #84, 'distance_accuracy_value', 'NONE');
#984 = DIRECTION ( 'NONE',  ( 0.000000000000000000, 1.000000000000000000, 0.000000000000000000 ) ) ;
#985 =( GEOMETRIC_REPRESENTATION_CONTEXT ( 3 ) GLOBAL_UNCERTAINTY_ASSIGNED_CONTEXT ( ( #1488 ) ) GLOBAL_UNIT_ASSIGNED_CONTEXT ( ( #767, #272, #23 ) ) REPRESENTATION_CONTEXT ( 'NONE', 'WORKASPACE' ) );
#986 = DIRECTION ( 'NONE',  ( -1.000000000000000000, 0.000000000000000000, 0.000000000000000000 ) ) ;
#987 = CARTESIAN_POINT ( 'NONE',  ( 0.000000000000000000, -10.00000000000000000, -4.000000000000000000 ) ) ;
#988 = LINE ( 'NONE', #1651, #1349 ) ;
#989 = ORIENTED_EDGE ( 'NONE', *, *, #1257, .F. ) ;
#990 = DIRECTION ( 'NONE',  ( 0.000000000000000000, 0.000000000000000000, 1.000000000000000000 ) ) ;
#991 = CARTESIAN_POINT ( 'NONE',  ( 6.445104738762999830, -1.300000000000000044, 1.740580686186000037 ) ) ;
#992 = EDGE_CURVE ( 'NONE', #704, #155, #575, .T. ) ;
#993 = DIRECTION ( 'NONE',  ( 0.000000000000000000, 1.000000000000000000, 0.000000000000000000 ) ) ;
#994 = DIRECTION ( 'NONE',  ( -1.000000000000000000, 0.000000000000000000, 0.000000000000000000 ) ) ;
#995 = PLANE ( 'NONE',  #943 ) ;
#996 = LINE ( 'NONE', #1645, #976 ) ;
#997 = LINE ( 'NONE', #588, #307 ) ;
#998 =( NAMED_UNIT ( * ) PLANE_ANGLE_UNIT ( ) SI_UNIT ( $, .RADIAN. ) );
#999 = CARTESIAN_POINT ( 'NONE',  ( -1.016000000000000014, 0.000000000000000000, 2.267949192430999794 ) ) ;
#1000 = LINE ( 'NONE', #1533, #876 ) ;
#1001 = COLOUR_RGB ( '',0.08627450980392156743, 0.3803921568627450789, 1.000000000000000000 ) ;
#1002 = LINE ( 'NONE', #350, #622 ) ;
#1003 = DIRECTION ( 'NONE',  ( 1.000000000000000000, 0.000000000000000000, 0.000000000000000000 ) ) ;
#1004 = CARTESIAN_POINT ( 'NONE',  ( 2.540000000000000036, -6.700000000000000178, 4.000000000000000000 ) ) ;
#1005 = LINE ( 'NONE', #215, #38 ) ;
#1006 = ORIENTED_EDGE ( 'NONE', *, *, #1010, .F. ) ;
#1007 = MECHANICAL_DESIGN_GEOMETRIC_PRESENTATION_REPRESENTATION (  '', ( #255 ), #985 ) ;
#1008 =( GEOMETRIC_REPRESENTATION_CONTEXT ( 3 ) GLOBAL_UNCERTAINTY_ASSIGNED_CONTEXT ( ( #730 ) ) GLOBAL_UNIT_ASSIGNED_CONTEXT ( ( #1408, #635, #642 ) ) REPRESENTATION_CONTEXT ( 'NONE', 'WORKASPACE' ) );
#1009 = CARTESIAN_POINT ( 'NONE',  ( 2.540000000000000036, 0.000000000000000000, 0.000000000000000000 ) ) ;
#1010 = EDGE_CURVE ( 'NONE', #966, #426, #1249, .T. ) ;
#1011 = DIRECTION ( 'NONE',  ( -0.000000000000000000, 1.000000000000000000, 0.000000000000000000 ) ) ;
#1012 = CARTESIAN_POINT ( 'NONE',  ( 5.520000000000000462, -0.6999999999999999556, -2.571758278209441957E-16 ) ) ;
#1013 = CARTESIAN_POINT ( 'NONE',  ( 5.519999999999999574, -3.399999999999999911, 4.000000000000000000 ) ) ;
#1014 = VERTEX_POINT ( 'NONE', #265 ) ;
#1015 = AXIS2_PLACEMENT_3D ( 'NONE', #1419, #373, #525 ) ;
#1016 = SURFACE_SIDE_STYLE ('',( #1134 ) ) ;
#1017 = CARTESIAN_POINT ( 'NONE',  ( 9.719999999999998863, -8.800000000000000711, 4.000000000000000000 ) ) ;
#1018 = FILL_AREA_STYLE_COLOUR ( '', #327 ) ;
#1019 = VERTEX_POINT ( 'NONE', #302 ) ;
#1020 = EDGE_CURVE ( 'NONE', #945, #763, #175, .T. ) ;
#1021 = COLOUR_RGB ( '',0.08627450980392156743, 0.3803921568627450789, 1.000000000000000000 ) ;
#1022 = LINE ( 'NONE', #773, #1538 ) ;
#1023 = CARTESIAN_POINT ( 'NONE',  ( 0.000000000000000000, -3.000000000000000000, -4.000000000000000000 ) ) ;
#1024 = ADVANCED_FACE ( 'NONE', ( #694, #183 ), #445, .T. ) ;
#1025 = CARTESIAN_POINT ( 'NONE',  ( 9.719999999999998863, -8.800000000000000711, 3.600000000000000089 ) ) ;
#1026 = CARTESIAN_POINT ( 'NONE',  ( 6.445104738762999830, -0.6999999999999999556, 1.740580686186000037 ) ) ;
#1027 = CARTESIAN_POINT ( 'NONE',  ( 5.080000000000000071, -0.6999999999999999556, 0.000000000000000000 ) ) ;
#1028 = DIRECTION ( 'NONE',  ( 0.000000000000000000, 0.000000000000000000, -1.000000000000000000 ) ) ;
#1029 = ORIENTED_EDGE ( 'NONE', *, *, #216, .F. ) ;
#1030 = ORIENTED_EDGE ( 'NONE', *, *, #1378, .T. ) ;
#1031 = LINE ( 'NONE', #1416, #1346 ) ;
#1032 = AXIS2_PLACEMENT_3D ( 'NONE', #800, #1213, #59 ) ;
#1033 = CARTESIAN_POINT ( 'NONE',  ( 2.540000000000000036, -10.00000000000000000, -0.4500000000000000111 ) ) ;
#1034 = EDGE_CURVE ( 'NONE', #457, #1572, #570, .T. ) ;
#1035 = ADVANCED_FACE ( 'NONE', ( #132 ), #1154, .T. ) ;
#1036 = DIRECTION ( 'NONE',  ( 0.8288479458028400471, 0.000000000000000000, -0.5594739339222269958 ) ) ;
#1037 = EDGE_LOOP ( 'NONE', ( #465, #894 ) ) ;
#1038 = ORIENTED_EDGE ( 'NONE', *, *, #745, .T. ) ;
#1039 = DIRECTION ( 'NONE',  ( 0.000000000000000000, 1.000000000000000000, 0.000000000000000000 ) ) ;
#1040 = ORIENTED_EDGE ( 'NONE', *, *, #783, .T. ) ;
#1041 = VERTEX_POINT ( 'NONE', #991 ) ;
#1042 = CARTESIAN_POINT ( 'NONE',  ( 7.620000000000000107, -6.700000000000000178, 4.000000000000000000 ) ) ;
#1043 = ORIENTED_EDGE ( 'NONE', *, *, #237, .F. ) ;
#1044 = VECTOR ( 'NONE', #881, 1000.000000000000000 ) ;
#1045 = CIRCLE ( 'NONE', #922, 0.4500000000000000111 ) ;
#1046 = DIRECTION ( 'NONE',  ( 0.000000000000000000, -1.000000000000000000, 0.000000000000000000 ) ) ;
#1047 = VECTOR ( 'NONE', #1504, 1000.000000000000000 ) ;
#1048 =( LENGTH_UNIT ( ) NAMED_UNIT ( * ) SI_UNIT ( .MILLI., .METRE. ) );
#1049 = DIRECTION ( 'NONE',  ( 1.000000000000000000, 0.000000000000000000, 0.000000000000000000 ) ) ;
#1050 = ORIENTED_EDGE ( 'NONE', *, *, #1324, .T. ) ;
#1051 = FACE_OUTER_BOUND ( 'NONE', #284, .T. ) ;
#1052 = VERTEX_POINT ( 'NONE', #1377 ) ;
#1053 = LINE ( 'NONE', #529, #40 ) ;
#1054 =( GEOMETRIC_REPRESENTATION_CONTEXT ( 3 ) GLOBAL_UNCERTAINTY_ASSIGNED_CONTEXT ( ( #983 ) ) GLOBAL_UNIT_ASSIGNED_CONTEXT ( ( #84, #855, #1364 ) ) REPRESENTATION_CONTEXT ( 'NONE', 'WORKASPACE' ) );
#1055 = PRESENTATION_LAYER_ASSIGNMENT (  '', '', ( #712 ) ) ;
#1056 = STYLED_ITEM ( 'NONE', ( #1315 ), #1303 ) ;
#1057 = VECTOR ( 'NONE', #1329, 1000.000000000000114 ) ;
#1058 = DIRECTION ( 'NONE',  ( 1.000000000000000000, 0.000000000000000000, 0.000000000000000000 ) ) ;
#1059 = ORIENTED_EDGE ( 'NONE', *, *, #744, .F. ) ;
#1060 = EDGE_CURVE ( 'NONE', #1367, #1325, #471, .T. ) ;
#1061 = CARTESIAN_POINT ( 'NONE',  ( 0.4400000000000000022, -8.800000000000000711, 4.000000000000000000 ) ) ;
#1062 = ORIENTED_EDGE ( 'NONE', *, *, #317, .T. ) ;
#1063 =( LENGTH_UNIT ( ) NAMED_UNIT ( * ) SI_UNIT ( .MILLI., .METRE. ) );
#1064 = CARTESIAN_POINT ( 'NONE',  ( 9.719999999999998863, -8.800000000000000711, 3.600000000000000089 ) ) ;
#1065 = DIRECTION ( 'NONE',  ( 0.000000000000000000, 0.000000000000000000, 1.000000000000000000 ) ) ;
#1066 =( LENGTH_UNIT ( ) NAMED_UNIT ( * ) SI_UNIT ( .MILLI., .METRE. ) );
#1067 = CARTESIAN_POINT ( 'NONE',  ( 7.620000000000000107, -0.6999999999999999556, 0.000000000000000000 ) ) ;
#1068 = ORIENTED_EDGE ( 'NONE', *, *, #1648, .T. ) ;
#1069 = EDGE_CURVE ( 'NONE', #910, #1481, #868, .T. ) ;
#1070 = CARTESIAN_POINT ( 'NONE',  ( 7.620000000000000107, -0.6999999999999999556, 0.000000000000000000 ) ) ;
#1071 = AXIS2_PLACEMENT_3D ( 'NONE', #439, #1065, #555 ) ;
#1072 = ORIENTED_EDGE ( 'NONE', *, *, #611, .T. ) ;
#1073 = DIRECTION ( 'NONE',  ( 1.000000000000000000, 0.000000000000000000, 0.000000000000000000 ) ) ;
#1074 = CARTESIAN_POINT ( 'NONE',  ( 0.4400000000000000022, -8.800000000000000711, 3.600000000000000089 ) ) ;
#1075 = VERTEX_POINT ( 'NONE', #1615 ) ;
#1076 = EDGE_CURVE ( 'NONE', #1481, #504, #498, .T. ) ;
#1077 = FACE_OUTER_BOUND ( 'NONE', #925, .T. ) ;
#1078 = ORIENTED_EDGE ( 'NONE', *, *, #814, .F. ) ;
#1079 = CARTESIAN_POINT ( 'NONE',  ( 0.000000000000000000, 0.000000000000000000, 2.267949192430999794 ) ) ;
#1080 = AXIS2_PLACEMENT_3D ( 'NONE', #95, #877, #857 ) ;
#1081 = AXIS2_PLACEMENT_3D ( 'NONE', #1606, #1471, #44 ) ;
#1082 = CARTESIAN_POINT ( 'NONE',  ( 0.000000000000000000, -10.00000000000000000, 4.000000000000000000 ) ) ;
#1083 = SURFACE_SIDE_STYLE ('',( #974 ) ) ;
#1084 = ORIENTED_EDGE ( 'NONE', *, *, #1433, .F. ) ;
#1085 = EDGE_LOOP ( 'NONE', ( #140, #1259, #1301, #672 ) ) ;
#1086 = SURFACE_SIDE_STYLE ('',( #76 ) ) ;
#1087 = DIRECTION ( 'NONE',  ( 0.000000000000000000, 0.000000000000000000, 1.000000000000000000 ) ) ;
#1088 = VERTEX_POINT ( 'NONE', #720 ) ;
#1089 = FILL_AREA_STYLE ('',( #1368 ) ) ;
#1090 = UNCERTAINTY_MEASURE_WITH_UNIT (LENGTH_MEASURE( 1.000000000000000082E-05 ), #1604, 'distance_accuracy_value', 'NONE');
#1091 =( NAMED_UNIT ( * ) PLANE_ANGLE_UNIT ( ) SI_UNIT ( $, .RADIAN. ) );
#1092 = ORIENTED_EDGE ( 'NONE', *, *, #1185, .T. ) ;
#1093 = EDGE_LOOP ( 'NONE', ( #928, #1493, #697, #1146, #282, #127, #1092, #1445 ) ) ;
#1094 = ADVANCED_FACE ( 'NONE', ( #80 ), #1118, .T. ) ;
#1095 = CARTESIAN_POINT ( 'NONE',  ( 9.719999999999998863, 0.000000000000000000, 0.000000000000000000 ) ) ;
#1096 = FILL_AREA_STYLE_COLOUR ( '', #67 ) ;
#1097 = ORIENTED_EDGE ( 'NONE', *, *, #856, .F. ) ;
#1098 = CARTESIAN_POINT ( 'NONE',  ( 9.719999999999998863, -3.399999999999999911, 4.000000000000000000 ) ) ;
#1099 = VECTOR ( 'NONE', #949, 1000.000000000000000 ) ;
#1100 = CIRCLE ( 'NONE', #297, 0.1497778297768000144 ) ;
#1101 = DIRECTION ( 'NONE',  ( 0.000000000000000000, 0.000000000000000000, 1.000000000000000000 ) ) ;
#1102 = ORIENTED_EDGE ( 'NONE', *, *, #1336, .T. ) ;
#1103 = VECTOR ( 'NONE', #939, 1000.000000000000000 ) ;
#1104 = CARTESIAN_POINT ( 'NONE',  ( 7.620000000000000107, -0.6999999999999999556, 0.000000000000000000 ) ) ;
#1105 = CARTESIAN_POINT ( 'NONE',  ( 9.719999999999998863, -3.399999999999999911, 3.600000000000000089 ) ) ;
#1106 = ORIENTED_EDGE ( 'NONE', *, *, #1385, .F. ) ;
#1107 = ADVANCED_FACE ( 'NONE', ( #971 ), #1508, .T. ) ;
#1108 = EDGE_CURVE ( 'NONE', #457, #951, #997, .T. ) ;
#1109 = CARTESIAN_POINT ( 'NONE',  ( 9.119999999999999218, -6.700000000000000178, -1.000000000000000000 ) ) ;
#1110 = PLANE ( 'NONE',  #882 ) ;
#1111 =( GEOMETRIC_REPRESENTATION_CONTEXT ( 3 ) GLOBAL_UNCERTAINTY_ASSIGNED_CONTEXT ( ( #463 ) ) GLOBAL_UNIT_ASSIGNED_CONTEXT ( ( #329, #68, #568 ) ) REPRESENTATION_CONTEXT ( 'NONE', 'WORKASPACE' ) );
#1112 =( LENGTH_UNIT ( ) NAMED_UNIT ( * ) SI_UNIT ( .MILLI., .METRE. ) );
#1113 = DIRECTION ( 'NONE',  ( 0.000000000000000000, -1.000000000000000000, 0.000000000000000000 ) ) ;
#1114 =( NAMED_UNIT ( * ) SI_UNIT ( $, .STERADIAN. ) SOLID_ANGLE_UNIT ( ) );
#1115 = DIRECTION ( 'NONE',  ( -1.000000000000000000, 0.000000000000000000, 0.000000000000000000 ) ) ;
#1116 = EDGE_LOOP ( 'NONE', ( #1209, #540, #1140, #466 ) ) ;
#1117 = FILL_AREA_STYLE_COLOUR ( '', #1001 ) ;
#1118 = PLANE ( 'NONE',  #341 ) ;
#1119 = CARTESIAN_POINT ( 'NONE',  ( 7.620000000000000107, -10.00000000000000000, -0.4500000000000000111 ) ) ;
#1120 = CARTESIAN_POINT ( 'NONE',  ( 4.639999999999999680, 0.000000000000000000, 0.000000000000000000 ) ) ;
#1121 = DIRECTION ( 'NONE',  ( 0.000000000000000000, 1.000000000000000000, 0.000000000000000000 ) ) ;
#1122 =( NAMED_UNIT ( * ) SI_UNIT ( $, .STERADIAN. ) SOLID_ANGLE_UNIT ( ) );
#1123 = SURFACE_STYLE_USAGE ( .BOTH. , #489 ) ;
#1124 = AXIS2_PLACEMENT_3D ( 'NONE', #1479, #543, #1451 ) ;
#1125 = SURFACE_STYLE_USAGE ( .BOTH. , #501 ) ;
#1126 = AXIS2_PLACEMENT_3D ( 'NONE', #884, #752, #101 ) ;
#1127 = CARTESIAN_POINT ( 'NONE',  ( 10.16000000000000014, -3.000000000000000000, -4.000000000000000000 ) ) ;
#1128 = VECTOR ( 'NONE', #979, 1000.000000000000000 ) ;
#1129 =( LENGTH_UNIT ( ) NAMED_UNIT ( * ) SI_UNIT ( .MILLI., .METRE. ) );
#1130 = ORIENTED_EDGE ( 'NONE', *, *, #537, .T. ) ;
#1131 = EDGE_CURVE ( 'NONE', #736, #1276, #1222, .T. ) ;
#1132 = EDGE_CURVE ( 'NONE', #1569, #1367, #192, .T. ) ;
#1133 = CARTESIAN_POINT ( 'NONE',  ( 3.714895261237000312, -0.6999999999999999556, -1.740580686186000037 ) ) ;
#1134 = SURFACE_STYLE_FILL_AREA ( #1668 ) ;
#1135 = CARTESIAN_POINT ( 'NONE',  ( 3.714895261237000312, -1.300000000000000044, -1.740580686186000037 ) ) ;
#1136 = CARTESIAN_POINT ( 'NONE',  ( 5.080000000000000071, -1.300000000000000044, 0.000000000000000000 ) ) ;
#1137 = LINE ( 'NONE', #1013, #245 ) ;
#1138 = STYLED_ITEM ( 'NONE', ( #593 ), #144 ) ;
#1139 = DIRECTION ( 'NONE',  ( 0.000000000000000000, 0.000000000000000000, -1.000000000000000000 ) ) ;
#1140 = ORIENTED_EDGE ( 'NONE', *, *, #130, .F. ) ;
#1141 = PRESENTATION_LAYER_ASSIGNMENT (  '', '', ( #1386 ) ) ;
#1142 = DIRECTION ( 'NONE',  ( 0.000000000000000000, 0.000000000000000000, -1.000000000000000000 ) ) ;
#1143 = ADVANCED_FACE ( 'NONE', ( #222 ), #1110, .F. ) ;
#1144 = CARTESIAN_POINT ( 'NONE',  ( 4.280580686185999184, -0.6999999999999999556, -1.174895261237000055 ) ) ;
#1145 = PLANE ( 'NONE',  #1573 ) ;
#1146 = ORIENTED_EDGE ( 'NONE', *, *, #1633, .F. ) ;
#1147 = EDGE_CURVE ( 'NONE', #926, #180, #1348, .T. ) ;
#1148 = EDGE_CURVE ( 'NONE', #470, #1088, #1167, .T. ) ;
#1149 = DIRECTION ( 'NONE',  ( -1.000000000000000000, 0.000000000000000000, 0.000000000000000000 ) ) ;
#1150 = LINE ( 'NONE', #781, #1297 ) ;
#1151 = DIRECTION ( 'NONE',  ( 1.000000000000000000, 0.000000000000000000, 0.000000000000000000 ) ) ;
#1152 = CLOSED_SHELL ( 'NONE', ( #690, #677, #1159, #1206, #626, #536, #366, #917, #505, #1491, #1197, #1203, #473, #1107, #1286, #1143, #97, #914, #1580, #1035, #1634, #430, #1465, #838, #253, #416, #689, #860, #609, #142, #83, #1513, #549, #1161, #310, #267, #1303, #1094, #392, #1024, #1322, #144, #419, #1629, #615, #1453, #561, #545 ) ) ;
#1153 = CARTESIAN_POINT ( 'NONE',  ( 7.620000000000000107, 0.000000000000000000, 0.000000000000000000 ) ) ;
#1154 = PLANE ( 'NONE',  #418 ) ;
#1155 = FILL_AREA_STYLE_COLOUR ( '', #170 ) ;
#1156 = VERTEX_POINT ( 'NONE', #1357 ) ;
#1157 = MECHANICAL_DESIGN_GEOMETRIC_PRESENTATION_REPRESENTATION (  '', ( #1400 ), #1054 ) ;
#1158 = FACE_OUTER_BOUND ( 'NONE', #975, .T. ) ;
#1159 = ADVANCED_FACE ( 'NONE', ( #202 ), #1529, .F. ) ;
#1160 = CARTESIAN_POINT ( 'NONE',  ( 9.360580686185999255, -0.6999999999999999556, -1.174895261237000055 ) ) ;
#1161 = ADVANCED_FACE ( 'NONE', ( #1391 ), #1553, .F. ) ;
#1162 = CARTESIAN_POINT ( 'NONE',  ( 4.639999999999999680, -8.800000000000000711, 4.000000000000000000 ) ) ;
#1163 = DIRECTION ( 'NONE',  ( -0.000000000000000000, 1.000000000000000000, 0.000000000000000000 ) ) ;
#1164 = ORIENTED_EDGE ( 'NONE', *, *, #1554, .F. ) ;
#1165 = ORIENTED_EDGE ( 'NONE', *, *, #26, .F. ) ;
#1166 = LINE ( 'NONE', #522, #1244 ) ;
#1167 = CIRCLE ( 'NONE', #451, 2.100000000000000089 ) ;
#1168 = CARTESIAN_POINT ( 'NONE',  ( 7.620000000000000107, 0.000000000000000000, 0.000000000000000000 ) ) ;
#1169 = DIRECTION ( 'NONE',  ( 0.000000000000000000, 0.000000000000000000, 1.000000000000000000 ) ) ;
#1170 = SURFACE_SIDE_STYLE ('',( #659 ) ) ;
#1171 = EDGE_LOOP ( 'NONE', ( #719, #828, #1320 ) ) ;
#1172 = DIRECTION ( 'NONE',  ( 1.000000000000000000, 0.000000000000000000, 0.000000000000000000 ) ) ;
#1173 = VERTEX_POINT ( 'NONE', #1425 ) ;
#1174 = COLOUR_RGB ( '',0.08627450980392156743, 0.3803921568627450789, 1.000000000000000000 ) ;
#1175 = PLANE ( 'NONE',  #632 ) ;
#1176 = LINE ( 'NONE', #169, #866 ) ;
#1177 = ORIENTED_EDGE ( 'NONE', *, *, #1069, .T. ) ;
#1178 = CYLINDRICAL_SURFACE ( 'NONE', #407, 0.4500000000000000111 ) ;
#1179 = ORIENTED_EDGE ( 'NONE', *, *, #269, .F. ) ;
#1180 = CIRCLE ( 'NONE', #113, 2.100000000000000089 ) ;
#1181 = VECTOR ( 'NONE', #880, 1000.000000000000114 ) ;
#1182 = FACE_OUTER_BOUND ( 'NONE', #608, .T. ) ;
#1183 = EDGE_CURVE ( 'NONE', #1088, #1528, #1053, .T. ) ;
#1184 = AXIS2_PLACEMENT_3D ( 'NONE', #1599, #1215, #295 ) ;
#1185 = EDGE_CURVE ( 'NONE', #957, #454, #915, .T. ) ;
#1186 = LINE ( 'NONE', #1026, #734 ) ;
#1187 = DIRECTION ( 'NONE',  ( 0.000000000000000000, 1.000000000000000000, 0.000000000000000000 ) ) ;
#1188 = DIRECTION ( 'NONE',  ( 0.000000000000000000, 1.000000000000000000, 0.000000000000000000 ) ) ;
#1189 = EDGE_LOOP ( 'NONE', ( #397, #496 ) ) ;
#1190 = DIRECTION ( 'NONE',  ( 0.000000000000000000, -1.000000000000000000, 0.000000000000000000 ) ) ;
#1191 = SURFACE_STYLE_USAGE ( .BOTH. , #291 ) ;
#1192 =( GEOMETRIC_REPRESENTATION_CONTEXT ( 3 ) GLOBAL_UNCERTAINTY_ASSIGNED_CONTEXT ( ( #71 ) ) GLOBAL_UNIT_ASSIGNED_CONTEXT ( ( #412, #399, #669 ) ) REPRESENTATION_CONTEXT ( 'NONE', 'WORKASPACE' ) );
#1193 = COLOUR_RGB ( '',0.08627450980392156743, 0.3803921568627450789, 1.000000000000000000 ) ;
#1194 = CARTESIAN_POINT ( 'NONE',  ( 0.4400000000000000022, -3.399999999999999911, 4.000000000000000000 ) ) ;
#1195 = ORIENTED_EDGE ( 'NONE', *, *, #380, .T. ) ;
#1196 = UNCERTAINTY_MEASURE_WITH_UNIT (LENGTH_MEASURE( 1.000000000000000082E-05 ), #784, 'distance_accuracy_value', 'NONE');
#1197 = ADVANCED_FACE ( 'NONE', ( #387 ), #34, .T. ) ;
#1198 = CARTESIAN_POINT ( 'NONE',  ( 4.280580686185999184, -0.6999999999999999556, -1.174895261237000055 ) ) ;
#1199 = CARTESIAN_POINT ( 'NONE',  ( 9.119999999999999218, -6.700000000000000178, 4.000000000000000000 ) ) ;
#1200 = ORIENTED_EDGE ( 'NONE', *, *, #981, .F. ) ;
#1201 = CARTESIAN_POINT ( 'NONE',  ( 5.519999999999999574, -8.800000000000000711, 3.600000000000000089 ) ) ;
#1202 =( GEOMETRIC_REPRESENTATION_CONTEXT ( 3 ) GLOBAL_UNCERTAINTY_ASSIGNED_CONTEXT ( ( #345 ) ) GLOBAL_UNIT_ASSIGNED_CONTEXT ( ( #1063, #1334, #830 ) ) REPRESENTATION_CONTEXT ( 'NONE', 'WORKASPACE' ) );
#1203 = ADVANCED_FACE ( 'NONE', ( #2 ), #1175, .F. ) ;
#1204 = CARTESIAN_POINT ( 'NONE',  ( 9.719999999999998863, -0.6999999999999999556, 0.000000000000000000 ) ) ;
#1205 = ORIENTED_EDGE ( 'NONE', *, *, #216, .T. ) ;
#1206 = ADVANCED_FACE ( 'NONE', ( #1182 ), #641, .F. ) ;
#1207 = DIRECTION ( 'NONE',  ( 0.7071067811865475727, 0.000000000000000000, 0.7071067811865475727 ) ) ;
#1208 = FILL_AREA_STYLE ('',( #305 ) ) ;
#1209 = ORIENTED_EDGE ( 'NONE', *, *, #485, .F. ) ;
#1210 = CARTESIAN_POINT ( 'NONE',  ( 6.120000000000000107, -6.700000000000000178, 4.000000000000000000 ) ) ;
#1211 = SURFACE_STYLE_FILL_AREA ( #681 ) ;
#1212 = EDGE_CURVE ( 'NONE', #1666, #1472, #1150, .T. ) ;
#1213 = DIRECTION ( 'NONE',  ( 0.000000000000000000, 0.000000000000000000, 1.000000000000000000 ) ) ;
#1214 = MECHANICAL_DESIGN_GEOMETRIC_PRESENTATION_REPRESENTATION (  '', ( #839 ), #115 ) ;
#1215 = DIRECTION ( 'NONE',  ( 0.000000000000000000, -1.000000000000000000, 0.000000000000000000 ) ) ;
#1216 = LINE ( 'NONE', #323, #585 ) ;
#1217 = VERTEX_POINT ( 'NONE', #1023 ) ;
#1218 = ORIENTED_EDGE ( 'NONE', *, *, #560, .T. ) ;
#1219 = FACE_OUTER_BOUND ( 'NONE', #786, .T. ) ;
#1220 = PLANE ( 'NONE',  #123 ) ;
#1221 = EDGE_LOOP ( 'NONE', ( #1542, #1432, #1106, #1038 ) ) ;
#1222 = LINE ( 'NONE', #352, #11 ) ;
#1223 = AXIS2_PLACEMENT_3D ( 'NONE', #482, #993, #238 ) ;
#1224 =( GEOMETRIC_REPRESENTATION_CONTEXT ( 3 ) GLOBAL_UNCERTAINTY_ASSIGNED_CONTEXT ( ( #846 ) ) GLOBAL_UNIT_ASSIGNED_CONTEXT ( ( #225, #210, #1240 ) ) REPRESENTATION_CONTEXT ( 'NONE', 'WORKASPACE' ) );
#1225 = COLOUR_RGB ( '',0.08627450980392156743, 0.3803921568627450789, 1.000000000000000000 ) ;
#1226 = CARTESIAN_POINT ( 'NONE',  ( 7.620000000000000107, -13.53999936752999922, -0.2998892365228999490 ) ) ;
#1227 = DIRECTION ( 'NONE',  ( 0.000000000000000000, -1.000000000000000000, 0.000000000000000000 ) ) ;
#1228 = VERTEX_POINT ( 'NONE', #405 ) ;
#1229 = VERTEX_POINT ( 'NONE', #1033 ) ;
#1230 = PLANE ( 'NONE',  #895 ) ;
#1231 = DIRECTION ( 'NONE',  ( 1.000000000000000000, 0.000000000000000000, 0.000000000000000000 ) ) ;
#1232 = VERTEX_POINT ( 'NONE', #1160 ) ;
#1233 = DIRECTION ( 'NONE',  ( 0.000000000000000000, -1.000000000000000000, 0.000000000000000000 ) ) ;
#1234 = UNCERTAINTY_MEASURE_WITH_UNIT (LENGTH_MEASURE( 1.000000000000000082E-05 ), #1527, 'distance_accuracy_value', 'NONE');
#1235 = EDGE_LOOP ( 'NONE', ( #63, #772 ) ) ;
#1236 = PLANE ( 'NONE',  #931 ) ;
#1237 = DIRECTION ( 'NONE',  ( 0.000000000000000000, -1.000000000000000000, 0.000000000000000000 ) ) ;
#1238 = AXIS2_PLACEMENT_3D ( 'NONE', #286, #428, #557 ) ;
#1239 = ADVANCED_BREP_SHAPE_REPRESENTATION ( '31101102', ( #92, #824 ), #662 ) ;
#1240 =( NAMED_UNIT ( * ) SI_UNIT ( $, .STERADIAN. ) SOLID_ANGLE_UNIT ( ) );
#1241 = ORIENTED_EDGE ( 'NONE', *, *, #953, .F. ) ;
#1242 = PLANE ( 'NONE',  #923 ) ;
#1243 = PRESENTATION_LAYER_ASSIGNMENT (  '', '', ( #1400 ) ) ;
#1244 = VECTOR ( 'NONE', #541, 1000.000000000000000 ) ;
#1245 = LINE ( 'NONE', #625, #1181 ) ;
#1246 = ORIENTED_EDGE ( 'NONE', *, *, #589, .F. ) ;
#1247 = LINE ( 'NONE', #867, #1654 ) ;
#1248 = DIRECTION ( 'NONE',  ( 0.000000000000000000, -0.8660254037844288266, 0.5000000000000169864 ) ) ;
#1249 = CIRCLE ( 'NONE', #1546, 2.100000000000000089 ) ;
#1250 =( NAMED_UNIT ( * ) SI_UNIT ( $, .STERADIAN. ) SOLID_ANGLE_UNIT ( ) );
#1251 = LINE ( 'NONE', #1650, #1262 ) ;
#1252 = EDGE_CURVE ( 'NONE', #1572, #1345, #1431, .T. ) ;
#1253 = LINE ( 'NONE', #1366, #1128 ) ;
#1254 = LINE ( 'NONE', #1133, #1567 ) ;
#1255 = AXIS2_PLACEMENT_3D ( 'NONE', #1517, #1011, #146 ) ;
#1256 = CARTESIAN_POINT ( 'NONE',  ( 0.000000000000000000, -0.6999999999999999556, 0.000000000000000000 ) ) ;
#1257 = EDGE_CURVE ( 'NONE', #763, #1229, #278, .T. ) ;
#1258 = PRESENTATION_STYLE_ASSIGNMENT (( #875 ) ) ;
#1259 = ORIENTED_EDGE ( 'NONE', *, *, #301, .F. ) ;
#1260 = CARTESIAN_POINT ( 'NONE',  ( 7.620000000000000107, -13.53999936752999922, 0.000000000000000000 ) ) ;
#1261 = LINE ( 'NONE', #889, #1565 ) ;
#1262 = VECTOR ( 'NONE', #637, 1000.000000000000000 ) ;
#1263 =( LENGTH_UNIT ( ) NAMED_UNIT ( * ) SI_UNIT ( .MILLI., .METRE. ) );
#1264 = STYLED_ITEM ( 'NONE', ( #1608 ), #310 ) ;
#1265 = PLANE ( 'NONE',  #946 ) ;
#1266 = AXIS2_PLACEMENT_3D ( 'NONE', #479, #990, #1507 ) ;
#1267 = SURFACE_STYLE_FILL_AREA ( #754 ) ;
#1268 = ORIENTED_EDGE ( 'NONE', *, *, #184, .T. ) ;
#1269 = FACE_OUTER_BOUND ( 'NONE', #679, .T. ) ;
#1270 = FILL_AREA_STYLE ('',( #234 ) ) ;
#1271 = EDGE_CURVE ( 'NONE', #208, #837, #182, .T. ) ;
#1272 = DIRECTION ( 'NONE',  ( 0.7071067811865475727, 0.000000000000000000, 0.7071067811865475727 ) ) ;
#1273 = CARTESIAN_POINT ( 'NONE',  ( 9.719999999999998863, -3.399999999999999911, 4.000000000000000000 ) ) ;
#1274 = CIRCLE ( 'NONE', #1015, 0.4500000000000000111 ) ;
#1275 = PRESENTATION_STYLE_ASSIGNMENT (( #638 ) ) ;
#1276 = VERTEX_POINT ( 'NONE', #1462 ) ;
#1277 = VECTOR ( 'NONE', #843, 1000.000000000000000 ) ;
#1278 = AXIS2_PLACEMENT_3D ( 'NONE', #332, #879, #1487 ) ;
#1279 = CARTESIAN_POINT ( 'NONE',  ( 5.519999999999999574, -8.800000000000000711, 4.000000000000000000 ) ) ;
#1280 = PRESENTATION_STYLE_ASSIGNMENT (( #244 ) ) ;
#1281 = DIRECTION ( 'NONE',  ( 0.000000000000000000, 0.000000000000000000, 1.000000000000000000 ) ) ;
#1282 = CARTESIAN_POINT ( 'NONE',  ( 2.540000000000000036, -13.80000000164999996, 0.000000000000000000 ) ) ;
#1283 = APPLICATION_PROTOCOL_DEFINITION ( 'draft international standard', 'automotive_design', 1998, #691 ) ;
#1284 = DIRECTION ( 'NONE',  ( -0.000000000000000000, 1.000000000000000000, 0.000000000000000000 ) ) ;
#1285 = ORIENTED_EDGE ( 'NONE', *, *, #1434, .T. ) ;
#1286 = ADVANCED_FACE ( 'NONE', ( #1077 ), #1220, .T. ) ;
#1287 = DIRECTION ( 'NONE',  ( 0.000000000000000000, 1.000000000000000000, 0.000000000000000000 ) ) ;
#1288 = CARTESIAN_POINT ( 'NONE',  ( 2.540000000000000036, -6.700000000000000178, -1.000000000000000000 ) ) ;
#1289 = ORIENTED_EDGE ( 'NONE', *, *, #1467, .F. ) ;
#1290 = VERTEX_POINT ( 'NONE', #77 ) ;
#1291 = AXIS2_PLACEMENT_3D ( 'NONE', #1027, #1163, #25 ) ;
#1292 = PRESENTATION_STYLE_ASSIGNMENT (( #1560 ) ) ;
#1293 = PRESENTATION_STYLE_ASSIGNMENT (( #774 ) ) ;
#1294 =( NAMED_UNIT ( * ) PLANE_ANGLE_UNIT ( ) SI_UNIT ( $, .RADIAN. ) );
#1295 = DIRECTION ( 'NONE',  ( 0.000000000000000000, 1.000000000000000000, 0.000000000000000000 ) ) ;
#1296 = ORIENTED_EDGE ( 'NONE', *, *, #258, .T. ) ;
#1297 = VECTOR ( 'NONE', #904, 1000.000000000000000 ) ;
#1298 = LINE ( 'NONE', #797, #649 ) ;
#1299 =( NAMED_UNIT ( * ) SI_UNIT ( $, .STERADIAN. ) SOLID_ANGLE_UNIT ( ) );
#1300 = UNCERTAINTY_MEASURE_WITH_UNIT (LENGTH_MEASURE( 1.000000000000000082E-05 ), #1048, 'distance_accuracy_value', 'NONE');
#1301 = ORIENTED_EDGE ( 'NONE', *, *, #1333, .F. ) ;
#1302 = CARTESIAN_POINT ( 'NONE',  ( 2.540000000000000036, 0.000000000000000000, 0.000000000000000000 ) ) ;
#1303 = ADVANCED_FACE ( 'NONE', ( #578 ), #559, .F. ) ;
#1304 = ORIENTED_EDGE ( 'NONE', *, *, #654, .T. ) ;
#1305 = PLANE ( 'NONE',  #220 ) ;
#1306 = EDGE_LOOP ( 'NONE', ( #1505, #919, #639, #533 ) ) ;
#1307 = MECHANICAL_DESIGN_GEOMETRIC_PRESENTATION_REPRESENTATION (  '', ( #460 ), #508 ) ;
#1308 = LINE ( 'NONE', #1194, #517 ) ;
#1309 = ORIENTED_EDGE ( 'NONE', *, *, #892, .F. ) ;
#1310 = PLANE ( 'NONE',  #1291 ) ;
#1311 = CARTESIAN_POINT ( 'NONE',  ( 9.360580686185999255, -0.6999999999999999556, -1.174895261237000055 ) ) ;
#1312 = ORIENTED_EDGE ( 'NONE', *, *, #288, .T. ) ;
#1313 = DIRECTION ( 'NONE',  ( 0.000000000000000000, 1.000000000000000000, 0.000000000000000000 ) ) ;
#1314 = AXIS2_PLACEMENT_3D ( 'NONE', #788, #927, #1439 ) ;
#1315 = PRESENTATION_STYLE_ASSIGNMENT (( #469 ) ) ;
#1316 = CIRCLE ( 'NONE', #1071, 1.500000000000000000 ) ;
#1317 = EDGE_CURVE ( 'NONE', #959, #956, #1612, .T. ) ;
#1318 = APPLICATION_CONTEXT ( 'automotive_design' ) ;
#1319 = DIRECTION ( 'NONE',  ( 0.000000000000000000, 0.000000000000000000, 1.000000000000000000 ) ) ;
#1320 = ORIENTED_EDGE ( 'NONE', *, *, #602, .F. ) ;
#1321 = DIRECTION ( 'NONE',  ( 0.000000000000000000, 0.000000000000000000, 1.000000000000000000 ) ) ;
#1322 = ADVANCED_FACE ( 'NONE', ( #1354 ), #200, .F. ) ;
#1323 = CARTESIAN_POINT ( 'NONE',  ( 5.879419313814000070, -0.6999999999999999556, 1.174895261237000055 ) ) ;
#1324 = EDGE_CURVE ( 'NONE', #1052, #1325, #607, .T. ) ;
#1325 = VERTEX_POINT ( 'NONE', #356 ) ;
#1326 = FACE_OUTER_BOUND ( 'NONE', #801, .T. ) ;
#1327 = AXIS2_PLACEMENT_3D ( 'NONE', #987, #1139, #595 ) ;
#1328 = MECHANICAL_DESIGN_GEOMETRIC_PRESENTATION_REPRESENTATION (  '', ( #655 ), #1224 ) ;
#1329 = DIRECTION ( 'NONE',  ( 0.000000000000000000, 0.8660254461247760549, -0.4999999266643770368 ) ) ;
#1330 = CARTESIAN_POINT ( 'NONE',  ( 0.4400000000000002798, 0.000000000000000000, -2.571758278209441464E-16 ) ) ;
#1331 = DIRECTION ( 'NONE',  ( 0.000000000000000000, 0.000000000000000000, 1.000000000000000000 ) ) ;
#1332 = ORIENTED_EDGE ( 'NONE', *, *, #1060, .F. ) ;
#1333 = EDGE_CURVE ( 'NONE', #18, #1276, #864, .T. ) ;
#1334 =( NAMED_UNIT ( * ) PLANE_ANGLE_UNIT ( ) SI_UNIT ( $, .RADIAN. ) );
#1335 = COLOUR_RGB ( '',0.08627450980392156743, 0.3803921568627450789, 1.000000000000000000 ) ;
#1336 = EDGE_CURVE ( 'NONE', #180, #251, #1253, .T. ) ;
#1337 = PRESENTATION_STYLE_ASSIGNMENT (( #190 ) ) ;
#1338 = DIRECTION ( 'NONE',  ( 0.5594739339222269958, 0.000000000000000000, -0.8288479458028400471 ) ) ;
#1339 = DIRECTION ( 'NONE',  ( -0.7071067811865474617, 0.000000000000000000, 0.7071067811865474617 ) ) ;
#1340 = CARTESIAN_POINT ( 'NONE',  ( 4.280580686185999184, -1.300000000000000044, -1.174895261237000055 ) ) ;
#1341 = EDGE_LOOP ( 'NONE', ( #1478, #421, #535, #1289 ) ) ;
#1342 = ORIENTED_EDGE ( 'NONE', *, *, #1212, .F. ) ;
#1343 = CYLINDRICAL_SURFACE ( 'NONE', #312, 2.099999999999999645 ) ;
#1344 = CARTESIAN_POINT ( 'NONE',  ( 10.16000000000000014, -10.00000000000000000, -4.000000000000000000 ) ) ;
#1345 = VERTEX_POINT ( 'NONE', #1642 ) ;
#1346 = VECTOR ( 'NONE', #647, 1000.000000000000114 ) ;
#1347 = MECHANICAL_DESIGN_GEOMETRIC_PRESENTATION_REPRESENTATION (  '', ( #408 ), #46 ) ;
#1348 = LINE ( 'NONE', #614, #226 ) ;
#1349 = VECTOR ( 'NONE', #358, 1000.000000000000000 ) ;
#1350 = CARTESIAN_POINT ( 'NONE',  ( 0.4400000000000000022, -3.399999999999999911, 4.000000000000000000 ) ) ;
#1351 = ORIENTED_EDGE ( 'NONE', *, *, #184, .F. ) ;
#1352 = EDGE_LOOP ( 'NONE', ( #1482, #1241, #1376, #668 ) ) ;
#1353 = CARTESIAN_POINT ( 'NONE',  ( 7.620000000000000107, -1.300000000000000044, 0.000000000000000000 ) ) ;
#1354 = FACE_OUTER_BOUND ( 'NONE', #1085, .T. ) ;
#1355 = EDGE_LOOP ( 'NONE', ( #664, #688, #343 ) ) ;
#1356 = AXIS2_PLACEMENT_3D ( 'NONE', #1502, #862, #1373 ) ;
#1357 = CARTESIAN_POINT ( 'NONE',  ( 6.445104738762999830, -0.6999999999999999556, 1.740580686186000037 ) ) ;
#1358 = VECTOR ( 'NONE', #871, 1000.000000000000000 ) ;
#1359 = COLOUR_RGB ( '',0.08627450980392156743, 0.3803921568627450789, 1.000000000000000000 ) ;
#1360 = DIRECTION ( 'NONE',  ( -0.000000000000000000, 1.000000000000000000, 0.000000000000000000 ) ) ;
#1361 = VERTEX_POINT ( 'NONE', #486 ) ;
#1362 = FILL_AREA_STYLE_COLOUR ( '', #1436 ) ;
#1363 = EDGE_LOOP ( 'NONE', ( #779, #1179, #147, #1309 ) ) ;
#1364 =( NAMED_UNIT ( * ) SI_UNIT ( $, .STERADIAN. ) SOLID_ANGLE_UNIT ( ) );
#1365 = EDGE_CURVE ( 'NONE', #1593, #426, #86, .T. ) ;
#1366 = CARTESIAN_POINT ( 'NONE',  ( 9.719999999999998863, -8.800000000000000711, 4.000000000000000000 ) ) ;
#1367 = VERTEX_POINT ( 'NONE', #1495 ) ;
#1368 = FILL_AREA_STYLE_COLOUR ( '', #1359 ) ;
#1369 = UNCERTAINTY_MEASURE_WITH_UNIT (LENGTH_MEASURE( 1.000000000000000082E-05 ), #1129, 'distance_accuracy_value', 'NONE');
#1370 = CARTESIAN_POINT ( 'NONE',  ( 7.620000000000000107, 0.000000000000000000, 0.000000000000000000 ) ) ;
#1371 = AXIS2_PLACEMENT_3D ( 'NONE', #1067, #1188, #37 ) ;
#1372 = DIRECTION ( 'NONE',  ( 0.000000000000000000, 0.000000000000000000, 1.000000000000000000 ) ) ;
#1373 = DIRECTION ( 'NONE',  ( -1.000000000000000000, 0.000000000000000000, 0.000000000000000000 ) ) ;
#1374 = CIRCLE ( 'NONE', #776, 2.100000000000000089 ) ;
#1375 = CARTESIAN_POINT ( 'NONE',  ( 0.4400000000000000022, -8.800000000000000711, 4.000000000000000000 ) ) ;
#1376 = ORIENTED_EDGE ( 'NONE', *, *, #42, .F. ) ;
#1377 = CARTESIAN_POINT ( 'NONE',  ( 9.719999999999998863, -3.399999999999999911, 3.600000000000000089 ) ) ;
#1378 = EDGE_CURVE ( 'NONE', #385, #1361, #342, .T. ) ;
#1379 = AXIS2_PLACEMENT_3D ( 'NONE', #806, #1313, #165 ) ;
#1380 = AXIS2_PLACEMENT_3D ( 'NONE', #1, #16, #1544 ) ;
#1381 = DIRECTION ( 'NONE',  ( 0.000000000000000000, 0.000000000000000000, 1.000000000000000000 ) ) ;
#1382 = FILL_AREA_STYLE_COLOUR ( '', #1659 ) ;
#1383 = FILL_AREA_STYLE ('',( #1018 ) ) ;
#1384 = LINE ( 'NONE', #232, #219 ) ;
#1385 = EDGE_CURVE ( 'NONE', #704, #1173, #988, .T. ) ;
#1386 = STYLED_ITEM ( 'NONE', ( #1280 ), #1159 ) ;
#1387 = DIRECTION ( 'NONE',  ( 1.000000000000000000, 0.000000000000000000, 0.000000000000000000 ) ) ;
#1388 = SURFACE_STYLE_FILL_AREA ( #753 ) ;
#1389 = PRESENTATION_STYLE_ASSIGNMENT (( #1511 ) ) ;
#1390 = CARTESIAN_POINT ( 'NONE',  ( 4.639999999999999680, -8.800000000000000711, 3.600000000000000089 ) ) ;
#1391 = FACE_OUTER_BOUND ( 'NONE', #711, .T. ) ;
#1392 = DIRECTION ( 'NONE',  ( -0.000000000000000000, 1.000000000000000000, 0.000000000000000000 ) ) ;
#1393 = DIRECTION ( 'NONE',  ( 0.000000000000000000, -0.5000000000000169864, -0.8660254037844288266 ) ) ;
#1394 = AXIS2_PLACEMENT_3D ( 'NONE', #1409, #636, #510 ) ;
#1395 = DIRECTION ( 'NONE',  ( 0.000000000000000000, 0.000000000000000000, -1.000000000000000000 ) ) ;
#1396 = ORIENTED_EDGE ( 'NONE', *, *, #14, .F. ) ;
#1397 = CARTESIAN_POINT ( 'NONE',  ( 7.620000000000000107, -10.00000000000000000, -0.4500000000000000111 ) ) ;
#1398 = FILL_AREA_STYLE_COLOUR ( '', #1225 ) ;
#1399 = EDGE_CURVE ( 'NONE', #1075, #1475, #675, .T. ) ;
#1400 = STYLED_ITEM ( 'NONE', ( #1258 ), #561 ) ;
#1401 = AXIS2_PLACEMENT_3D ( 'NONE', #1042, #1577, #913 ) ;
#1402 = CARTESIAN_POINT ( 'NONE',  ( 4.040000000000000036, -6.700000000000000178, -1.000000000000000000 ) ) ;
#1403 = AXIS2_PLACEMENT_3D ( 'NONE', #450, #955, #696 ) ;
#1404 =( NAMED_UNIT ( * ) PLANE_ANGLE_UNIT ( ) SI_UNIT ( $, .RADIAN. ) );
#1405 = AXIS2_PLACEMENT_3D ( 'NONE', #60, #813, #686 ) ;
#1406 = LINE ( 'NONE', #396, #476 ) ;
#1407 = ORIENTED_EDGE ( 'NONE', *, *, #783, .F. ) ;
#1408 =( LENGTH_UNIT ( ) NAMED_UNIT ( * ) SI_UNIT ( .MILLI., .METRE. ) );
#1409 = CARTESIAN_POINT ( 'NONE',  ( 7.620000000000000107, -13.80000000164999996, 0.000000000000000000 ) ) ;
#1410 = EDGE_CURVE ( 'NONE', #1443, #385, #1247, .T. ) ;
#1411 = LINE ( 'NONE', #259, #88 ) ;
#1412 = CIRCLE ( 'NONE', #606, 2.100000000000000089 ) ;
#1413 =( NAMED_UNIT ( * ) PLANE_ANGLE_UNIT ( ) SI_UNIT ( $, .RADIAN. ) );
#1414 = ORIENTED_EDGE ( 'NONE', *, *, #1131, .T. ) ;
#1415 = COLOUR_RGB ( '',0.08627450980392156743, 0.3803921568627450789, 1.000000000000000000 ) ;
#1416 = CARTESIAN_POINT ( 'NONE',  ( 3.714895261237000312, -1.300000000000000044, -1.740580686186000037 ) ) ;
#1417 = DIRECTION ( 'NONE',  ( 0.000000000000000000, 0.000000000000000000, -1.000000000000000000 ) ) ;
#1418 = PRESENTATION_LAYER_ASSIGNMENT (  '', '', ( #825 ) ) ;
#1419 = CARTESIAN_POINT ( 'NONE',  ( 7.620000000000000107, -13.27999982731000017, 0.000000000000000000 ) ) ;
#1420 = LINE ( 'NONE', #1064, #98 ) ;
#1421 = FACE_BOUND ( 'NONE', #1609, .T. ) ;
#1422 = ORIENTED_EDGE ( 'NONE', *, *, #301, .T. ) ;
#1423 = EDGE_LOOP ( 'NONE', ( #1304, #1566, #82, #1296 ) ) ;
#1424 = CARTESIAN_POINT ( 'NONE',  ( 2.540000000000000036, -6.700000000000000178, 4.000000000000000000 ) ) ;
#1425 = CARTESIAN_POINT ( 'NONE',  ( 8.794895261237000383, -1.300000000000000044, -1.740580686186000037 ) ) ;
#1426 = CARTESIAN_POINT ( 'NONE',  ( 3.714895261237000312, -0.6999999999999999556, -1.740580686186000037 ) ) ;
#1427 = CARTESIAN_POINT ( 'NONE',  ( 7.620000000000000107, -1.300000000000000044, 0.000000000000000000 ) ) ;
#1428 = EDGE_LOOP ( 'NONE', ( #78, #1535, #1490, #150 ) ) ;
#1429 = ORIENTED_EDGE ( 'NONE', *, *, #1010, .T. ) ;
#1430 = CARTESIAN_POINT ( 'NONE',  ( 0.000000000000000000, -0.6999999999999999556, 0.000000000000000000 ) ) ;
#1431 = LINE ( 'NONE', #9, #1576 ) ;
#1432 = ORIENTED_EDGE ( 'NONE', *, *, #1616, .F. ) ;
#1433 = EDGE_CURVE ( 'NONE', #426, #320, #996, .T. ) ;
#1434 = EDGE_CURVE ( 'NONE', #261, #369, #1002, .T. ) ;
#1435 = CARTESIAN_POINT ( 'NONE',  ( 4.040000000000000036, -6.700000000000000178, 3.600000000000000089 ) ) ;
#1436 = COLOUR_RGB ( '',0.08627450980392156743, 0.3803921568627450789, 1.000000000000000000 ) ;
#1437 = VERTEX_POINT ( 'NONE', #1397 ) ;
#1438 = PRESENTATION_LAYER_ASSIGNMENT (  '', '', ( #255 ) ) ;
#1439 = DIRECTION ( 'NONE',  ( 1.000000000000000000, 0.000000000000000000, 0.000000000000000000 ) ) ;
#1440 = VECTOR ( 'NONE', #425, 1000.000000000000000 ) ;
#1441 = VERTEX_POINT ( 'NONE', #1523 ) ;
#1442 = SURFACE_SIDE_STYLE ('',( #263 ) ) ;
#1443 = VERTEX_POINT ( 'NONE', #99 ) ;
#1444 = CARTESIAN_POINT ( 'NONE',  ( 0.000000000000000000, -3.000000000000000000, 4.000000000000000000 ) ) ;
#1445 = ORIENTED_EDGE ( 'NONE', *, *, #237, .T. ) ;
#1446 = ORIENTED_EDGE ( 'NONE', *, *, #1633, .T. ) ;
#1447 = LINE ( 'NONE', #290, #1099 ) ;
#1448 = VECTOR ( 'NONE', #314, 1000.000000000000000 ) ;
#1449 = SURFACE_STYLE_FILL_AREA ( #1621 ) ;
#1450 = EDGE_CURVE ( 'NONE', #261, #470, #1254, .T. ) ;
#1451 = DIRECTION ( 'NONE',  ( 0.000000000000000000, 0.000000000000000000, -1.000000000000000000 ) ) ;
#1452 = ORIENTED_EDGE ( 'NONE', *, *, #903, .F. ) ;
#1453 = ADVANCED_FACE ( 'NONE', ( #487, #759, #105 ), #1242, .T. ) ;
#1454 = VECTOR ( 'NONE', #532, 1000.000000000000000 ) ;
#1455 = UNCERTAINTY_MEASURE_WITH_UNIT (LENGTH_MEASURE( 1.000000000000000082E-05 ), #1263, 'distance_accuracy_value', 'NONE');
#1456 = DIRECTION ( 'NONE',  ( 0.000000000000000000, 0.000000000000000000, 1.000000000000000000 ) ) ;
#1457 = ORIENTED_EDGE ( 'NONE', *, *, #859, .T. ) ;
#1458 = EDGE_LOOP ( 'NONE', ( #33, #15 ) ) ;
#1459 = DIRECTION ( 'NONE',  ( 1.000000000000000000, 0.000000000000000000, 0.000000000000000000 ) ) ;
#1460 = AXIS2_PLACEMENT_3D ( 'NONE', #680, #1190, #41 ) ;
#1461 = VECTOR ( 'NONE', #1319, 1000.000000000000000 ) ;
#1462 = CARTESIAN_POINT ( 'NONE',  ( 0.4400000000000000022, -8.800000000000000711, 3.600000000000000089 ) ) ;
#1463 = CARTESIAN_POINT ( 'NONE',  ( 4.639999999999999680, -3.399999999999999911, 4.000000000000000000 ) ) ;
#1464 = ORIENTED_EDGE ( 'NONE', *, *, #491, .F. ) ;
#1465 = ADVANCED_FACE ( 'NONE', ( #1269 ), #120, .T. ) ;
#1466 = CARTESIAN_POINT ( 'NONE',  ( 7.620000000000000107, -13.80000000164999996, -0.1497778297768000144 ) ) ;
#1467 = EDGE_CURVE ( 'NONE', #1437, #938, #492, .T. ) ;
#1468 = CARTESIAN_POINT ( 'NONE',  ( 7.620000000000000107, -13.80000000164999996, 0.000000000000000000 ) ) ;
#1469 = ORIENTED_EDGE ( 'NONE', *, *, #437, .T. ) ;
#1470 = FACE_OUTER_BOUND ( 'NONE', #1673, .T. ) ;
#1471 = DIRECTION ( 'NONE',  ( 0.000000000000000000, 0.000000000000000000, 1.000000000000000000 ) ) ;
#1472 = VERTEX_POINT ( 'NONE', #1390 ) ;
#1473 = CARTESIAN_POINT ( 'NONE',  ( 8.794895261237000383, -1.300000000000000044, -1.740580686186000037 ) ) ;
#1474 = EDGE_LOOP ( 'NONE', ( #527, #934, #413, #1268 ) ) ;
#1475 = VERTEX_POINT ( 'NONE', #1109 ) ;
#1476 = DIRECTION ( 'NONE',  ( 0.000000000000000000, 0.000000000000000000, 1.000000000000000000 ) ) ;
#1477 = AXIS2_PLACEMENT_3D ( 'NONE', #318, #968, #1483 ) ;
#1478 = ORIENTED_EDGE ( 'NONE', *, *, #136, .F. ) ;
#1479 = CARTESIAN_POINT ( 'NONE',  ( 7.620000000000000107, -13.53999936752999922, 0.000000000000000000 ) ) ;
#1480 = CARTESIAN_POINT ( 'NONE',  ( 9.719999999999998863, -8.800000000000000711, 4.000000000000000000 ) ) ;
#1481 = VERTEX_POINT ( 'NONE', #1636 ) ;
#1482 = ORIENTED_EDGE ( 'NONE', *, *, #961, .T. ) ;
#1483 = DIRECTION ( 'NONE',  ( 0.000000000000000000, 0.000000000000000000, -1.000000000000000000 ) ) ;
#1484 = SURFACE_SIDE_STYLE ('',( #309 ) ) ;
#1485 = VERTEX_POINT ( 'NONE', #227 ) ;
#1486 = AXIS2_PLACEMENT_3D ( 'NONE', #534, #653, #1568 ) ;
#1487 = DIRECTION ( 'NONE',  ( 0.000000000000000000, 0.000000000000000000, 1.000000000000000000 ) ) ;
#1488 = UNCERTAINTY_MEASURE_WITH_UNIT (LENGTH_MEASURE( 1.000000000000000082E-05 ), #767, 'distance_accuracy_value', 'NONE');
#1489 = PRESENTATION_STYLE_ASSIGNMENT (( #1628 ) ) ;
#1490 = ORIENTED_EDGE ( 'NONE', *, *, #256, .F. ) ;
#1491 = ADVANCED_FACE ( 'NONE', ( #233 ), #648, .T. ) ;
#1492 = PLANE ( 'NONE',  #850 ) ;
#1493 = ORIENTED_EDGE ( 'NONE', *, *, #992, .F. ) ;
#1494 = PRESENTATION_STYLE_ASSIGNMENT (( #1640 ) ) ;
#1495 = CARTESIAN_POINT ( 'NONE',  ( 5.519999999999999574, -3.399999999999999911, 4.000000000000000000 ) ) ;
#1496 = ORIENTED_EDGE ( 'NONE', *, *, #1252, .F. ) ;
#1497 = DIRECTION ( 'NONE',  ( 0.000000000000000000, 0.000000000000000000, 1.000000000000000000 ) ) ;
#1498 = PRESENTATION_LAYER_ASSIGNMENT (  '', '', ( #1138 ) ) ;
#1499 = AXIS2_PLACEMENT_3D ( 'NONE', #1279, #1046, #1417 ) ;
#1500 =( GEOMETRIC_REPRESENTATION_CONTEXT ( 3 ) GLOBAL_UNCERTAINTY_ASSIGNED_CONTEXT ( ( #590 ) ) GLOBAL_UNIT_ASSIGNED_CONTEXT ( ( #344, #728, #1122 ) ) REPRESENTATION_CONTEXT ( 'NONE', 'WORKASPACE' ) );
#1501 = FILL_AREA_STYLE_COLOUR ( '', #1174 ) ;
#1502 = CARTESIAN_POINT ( 'NONE',  ( 2.540000000000000036, -0.6999999999999999556, 0.000000000000000000 ) ) ;
#1503 = EDGE_CURVE ( 'NONE', #195, #652, #1626, .T. ) ;
#1504 = DIRECTION ( 'NONE',  ( 0.000000000000000000, -1.000000000000000000, 0.000000000000000000 ) ) ;
#1505 = ORIENTED_EDGE ( 'NONE', *, *, #799, .F. ) ;
#1506 = AXIS2_PLACEMENT_3D ( 'NONE', #326, #817, #841 ) ;
#1507 = DIRECTION ( 'NONE',  ( 1.000000000000000000, 0.000000000000000000, 0.000000000000000000 ) ) ;
#1508 = CYLINDRICAL_SURFACE ( 'NONE', #1278, 0.4500000000000000111 ) ;
#1509 = EDGE_CURVE ( 'NONE', #912, #1485, #624, .T. ) ;
#1510 = MECHANICAL_DESIGN_GEOMETRIC_PRESENTATION_REPRESENTATION (  '', ( #863 ), #432 ) ;
#1511 = SURFACE_STYLE_USAGE ( .BOTH. , #1656 ) ;
#1512 = LINE ( 'NONE', #241, #3 ) ;
#1513 = ADVANCED_FACE ( 'NONE', ( #304 ), #821, .F. ) ;
#1514 = SURFACE_STYLE_USAGE ( .BOTH. , #746 ) ;
#1515 = SURFACE_SIDE_STYLE ('',( #738 ) ) ;
#1516 = VECTOR ( 'NONE', #725, 1000.000000000000000 ) ;
#1517 = CARTESIAN_POINT ( 'NONE',  ( 4.639999999999999680, -3.399999999999999911, 4.000000000000000000 ) ) ;
#1518 = EDGE_CURVE ( 'NONE', #1601, #504, #827, .T. ) ;
#1519 = DIRECTION ( 'NONE',  ( 0.000000000000000000, -0.8660254037844288266, 0.5000000000000169864 ) ) ;
#1520 = EDGE_CURVE ( 'NONE', #385, #763, #247, .T. ) ;
#1521 = LINE ( 'NONE', #1144, #1044 ) ;
#1522 = FILL_AREA_STYLE ('',( #224 ) ) ;
#1523 = CARTESIAN_POINT ( 'NONE',  ( 5.520000000000000462, 0.000000000000000000, -2.571758278209441957E-16 ) ) ;
#1524 = CARTESIAN_POINT ( 'NONE',  ( 2.540000000000000036, -0.6999999999999999556, 0.000000000000000000 ) ) ;
#1525 = PRESENTATION_LAYER_ASSIGNMENT (  '', '', ( #172 ) ) ;
#1526 = PLANE ( 'NONE',  #674 ) ;
#1527 =( LENGTH_UNIT ( ) NAMED_UNIT ( * ) SI_UNIT ( .MILLI., .METRE. ) );
#1528 = VERTEX_POINT ( 'NONE', #1330 ) ;
#1529 = CYLINDRICAL_SURFACE ( 'NONE', #1578, 2.100000000000000089 ) ;
#1530 = FILL_AREA_STYLE ('',( #500 ) ) ;
#1531 = DIRECTION ( 'NONE',  ( -1.000000000000000000, 0.000000000000000000, 0.000000000000000000 ) ) ;
#1532 = AXIS2_PLACEMENT_3D ( 'NONE', #1370, #205, #81 ) ;
#1533 = CARTESIAN_POINT ( 'NONE',  ( 5.519999999999999574, -3.399999999999999911, 3.600000000000000089 ) ) ;
#1534 = FILL_AREA_STYLE ('',( #762 ) ) ;
#1535 = ORIENTED_EDGE ( 'NONE', *, *, #382, .T. ) ;
#1536 = CARTESIAN_POINT ( 'NONE',  ( 7.620000000000000107, -10.00000000000000000, 0.000000000000000000 ) ) ;
#1537 = SURFACE_STYLE_USAGE ( .BOTH. , #1016 ) ;
#1538 = VECTOR ( 'NONE', #271, 1000.000000000000114 ) ;
#1539 = CARTESIAN_POINT ( 'NONE',  ( 10.16000000000000014, -10.00000000000000000, 4.000000000000000000 ) ) ;
#1540 = AXIS2_PLACEMENT_3D ( 'NONE', #1350, #193, #280 ) ;
#1541 = FILL_AREA_STYLE ('',( #1155 ) ) ;
#1542 = ORIENTED_EDGE ( 'NONE', *, *, #550, .T. ) ;
#1543 = PRODUCT_RELATED_PRODUCT_CATEGORY ( 'part', '', ( #472 ) ) ;
#1544 = DIRECTION ( 'NONE',  ( 0.000000000000000000, 0.000000000000000000, -1.000000000000000000 ) ) ;
#1545 = DIRECTION ( 'NONE',  ( 0.000000000000000000, -1.000000000000000000, 0.000000000000000000 ) ) ;
#1546 = AXIS2_PLACEMENT_3D ( 'NONE', #1588, #1598, #321 ) ;
#1547 = DIRECTION ( 'NONE',  ( -0.000000000000000000, 1.000000000000000000, 0.000000000000000000 ) ) ;
#1548 =( LENGTH_UNIT ( ) NAMED_UNIT ( * ) SI_UNIT ( .MILLI., .METRE. ) );
#1549 = ORIENTED_EDGE ( 'NONE', *, *, #872, .T. ) ;
#1550 = ORIENTED_EDGE ( 'NONE', *, *, #1034, .T. ) ;
#1551 = CYLINDRICAL_SURFACE ( 'NONE', #1401, 1.499999999999999556 ) ;
#1552 = EDGE_CURVE ( 'NONE', #957, #1232, #468, .T. ) ;
#1553 = PLANE ( 'NONE',  #1499 ) ;
#1554 = EDGE_CURVE ( 'NONE', #1475, #1075, #57, .T. ) ;
#1555 = AXIS2_PLACEMENT_3D ( 'NONE', #1353, #196, #716 ) ;
#1556 = LINE ( 'NONE', #1539, #152 ) ;
#1557 = EDGE_LOOP ( 'NONE', ( #670, #646, #547, #458, #349, #376, #1006, #96 ) ) ;
#1558 = ORIENTED_EDGE ( 'NONE', *, *, #1324, .F. ) ;
#1559 = EDGE_CURVE ( 'NONE', #180, #1569, #1592, .T. ) ;
#1560 = SURFACE_STYLE_USAGE ( .BOTH. , #780 ) ;
#1561 = EDGE_CURVE ( 'NONE', #956, #736, #571, .T. ) ;
#1562 = EDGE_LOOP ( 'NONE', ( #715, #977, #1285, #270, #75, #1130, #844, #176 ) ) ;
#1563 = DIRECTION ( 'NONE',  ( -1.000000000000000000, 0.000000000000000000, 0.000000000000000000 ) ) ;
#1564 = AXIS2_PLACEMENT_3D ( 'NONE', #1424, #936, #1172 ) ;
#1565 = VECTOR ( 'NONE', #1387, 1000.000000000000000 ) ;
#1566 = ORIENTED_EDGE ( 'NONE', *, *, #1271, .F. ) ;
#1567 = VECTOR ( 'NONE', #610, 1000.000000000000114 ) ;
#1568 = DIRECTION ( 'NONE',  ( 0.8288479458028400471, 0.000000000000000000, -0.5594739339222269958 ) ) ;
#1569 = VERTEX_POINT ( 'NONE', #709 ) ;
#1570 = CARTESIAN_POINT ( 'NONE',  ( 7.620000000000000107, -10.00000000000000000, 0.000000000000000000 ) ) ;
#1571 = ORIENTED_EDGE ( 'NONE', *, *, #1336, .F. ) ;
#1572 = VERTEX_POINT ( 'NONE', #313 ) ;
#1573 = AXIS2_PLACEMENT_3D ( 'NONE', #770, #1284, #134 ) ;
#1574 =( GEOMETRIC_REPRESENTATION_CONTEXT ( 3 ) GLOBAL_UNCERTAINTY_ASSIGNED_CONTEXT ( ( #1196 ) ) GLOBAL_UNIT_ASSIGNED_CONTEXT ( ( #784, #1294, #650 ) ) REPRESENTATION_CONTEXT ( 'NONE', 'WORKASPACE' ) );
#1575 = VERTEX_POINT ( 'NONE', #1198 ) ;
#1576 = VECTOR ( 'NONE', #400, 1000.000000000000114 ) ;
#1577 = DIRECTION ( 'NONE',  ( 0.000000000000000000, 0.000000000000000000, 1.000000000000000000 ) ) ;
#1578 = AXIS2_PLACEMENT_3D ( 'NONE', #1009, #379, #1151 ) ;
#1579 = VERTEX_POINT ( 'NONE', #72 ) ;
#1580 = ADVANCED_FACE ( 'NONE', ( #1607 ), #836, .F. ) ;
#1581 = DIRECTION ( 'NONE',  ( -0.000000000000000000, 1.000000000000000000, 0.000000000000000000 ) ) ;
#1582 = CARTESIAN_POINT ( 'NONE',  ( 7.620000000000000107, -10.00000000000000000, 0.4500000000000000111 ) ) ;
#1583 = ORIENTED_EDGE ( 'NONE', *, *, #8, .F. ) ;
#1584 = FILL_AREA_STYLE ('',( #546 ) ) ;
#1585 = ORIENTED_EDGE ( 'NONE', *, *, #85, .T. ) ;
#1586 = COLOUR_RGB ( '',1.000000000000000000, 1.000000000000000000, 1.000000000000000000 ) ;
#1587 = EDGE_CURVE ( 'NONE', #55, #1228, #1316, .T. ) ;
#1588 = CARTESIAN_POINT ( 'NONE',  ( 2.540000000000000036, -1.300000000000000044, 0.000000000000000000 ) ) ;
#1589 = ORIENTED_EDGE ( 'NONE', *, *, #611, .F. ) ;
#1590 = CIRCLE ( 'NONE', #1238, 0.4500000000000000111 ) ;
#1591 = UNCERTAINTY_MEASURE_WITH_UNIT (LENGTH_MEASURE( 1.000000000000000082E-05 ), #1066, 'distance_accuracy_value', 'NONE');
#1592 = LINE ( 'NONE', #1480, #164 ) ;
#1593 = VERTEX_POINT ( 'NONE', #53 ) ;
#1594 = VERTEX_POINT ( 'NONE', #1082 ) ;
#1595 = DIRECTION ( 'NONE',  ( 0.000000000000000000, 0.000000000000000000, -1.000000000000000000 ) ) ;
#1596 = VECTOR ( 'NONE', #1664, 1000.000000000000000 ) ;
#1597 = CARTESIAN_POINT ( 'NONE',  ( 5.519999999999999574, -3.399999999999999911, 4.000000000000000000 ) ) ;
#1598 = DIRECTION ( 'NONE',  ( 0.000000000000000000, 1.000000000000000000, 0.000000000000000000 ) ) ;
#1599 = CARTESIAN_POINT ( 'NONE',  ( 2.540000000000000036, -13.27999982731000017, 0.000000000000000000 ) ) ;
#1600 = PLANE ( 'NONE',  #1403 ) ;
#1601 = VERTEX_POINT ( 'NONE', #1466 ) ;
#1602 = CARTESIAN_POINT ( 'NONE',  ( 5.519999999999999574, -8.800000000000000711, 4.000000000000000000 ) ) ;
#1603 = AXIS2_PLACEMENT_3D ( 'NONE', #1070, #962, #1338 ) ;
#1604 =( LENGTH_UNIT ( ) NAMED_UNIT ( * ) SI_UNIT ( .MILLI., .METRE. ) );
#1605 = ORIENTED_EDGE ( 'NONE', *, *, #1410, .F. ) ;
#1606 = CARTESIAN_POINT ( 'NONE',  ( 2.540000000000000036, -6.700000000000000178, 3.600000000000000089 ) ) ;
#1607 = FACE_OUTER_BOUND ( 'NONE', #1622, .T. ) ;
#1608 = PRESENTATION_STYLE_ASSIGNMENT (( #965 ) ) ;
#1609 = EDGE_LOOP ( 'NONE', ( #980, #526, #62, #36 ) ) ;
#1610 = VERTEX_POINT ( 'NONE', #456 ) ;
#1611 = CARTESIAN_POINT ( 'NONE',  ( 0.000000000000000000, 0.000000000000000000, 2.267949192430999794 ) ) ;
#1612 = LINE ( 'NONE', #586, #1277 ) ;
#1613 = ORIENTED_EDGE ( 'NONE', *, *, #1450, .T. ) ;
#1614 = PRESENTATION_LAYER_ASSIGNMENT (  '', '', ( #460 ) ) ;
#1615 = CARTESIAN_POINT ( 'NONE',  ( 6.120000000000000107, -6.700000000000000178, -1.000000000000000000 ) ) ;
#1616 = EDGE_CURVE ( 'NONE', #1173, #1579, #564, .T. ) ;
#1617 = PRODUCT_DEFINITION ( 'UNKNOWN', '', #960, #414 ) ;
#1618 = ORIENTED_EDGE ( 'NONE', *, *, #269, .T. ) ;
#1619 = ORIENTED_EDGE ( 'NONE', *, *, #1520, .F. ) ;
#1620 = DIRECTION ( 'NONE',  ( 1.000000000000000000, 0.000000000000000000, 0.000000000000000000 ) ) ;
#1621 = FILL_AREA_STYLE ('',( #1096 ) ) ;
#1622 = EDGE_LOOP ( 'NONE', ( #793, #1407, #1078, #1632 ) ) ;
#1623 = COLOUR_RGB ( '',0.08627450980392156743, 0.3803921568627450789, 1.000000000000000000 ) ;
#1624 = COLOUR_RGB ( '',0.08627450980392156743, 0.3803921568627450789, 1.000000000000000000 ) ;
#1625 = DIRECTION ( 'NONE',  ( 1.000000000000000000, 0.000000000000000000, 0.000000000000000000 ) ) ;
#1626 = CIRCLE ( 'NONE', #1266, 1.500000000000000000 ) ;
#1627 = UNCERTAINTY_MEASURE_WITH_UNIT (LENGTH_MEASURE( 1.000000000000000082E-05 ), #499, 'distance_accuracy_value', 'NONE');
#1628 = SURFACE_STYLE_USAGE ( .BOTH. , #1083 ) ;
#1629 = ADVANCED_FACE ( 'NONE', ( #964 ), #322, .F. ) ;
#1630 = DIRECTION ( 'NONE',  ( 0.000000000000000000, 1.000000000000000000, 0.000000000000000000 ) ) ;
#1631 = CARTESIAN_POINT ( 'NONE',  ( 2.540000000000000036, -10.00000000000000000, 0.4500000000000000111 ) ) ;
#1632 = ORIENTED_EDGE ( 'NONE', *, *, #906, .T. ) ;
#1633 = EDGE_CURVE ( 'NONE', #1610, #1173, #812, .T. ) ;
#1634 = ADVANCED_FACE ( 'NONE', ( #17 ), #1310, .T. ) ;
#1635 =( GEOMETRIC_REPRESENTATION_CONTEXT ( 3 ) GLOBAL_UNCERTAINTY_ASSIGNED_CONTEXT ( ( #204 ) ) GLOBAL_UNIT_ASSIGNED_CONTEXT ( ( #1548, #266, #520 ) ) REPRESENTATION_CONTEXT ( 'NONE', 'WORKASPACE' ) );
#1636 = CARTESIAN_POINT ( 'NONE',  ( 7.620000000000000107, -13.27999982731000017, 0.4500000117021793478 ) ) ;
#1637 = CARTESIAN_POINT ( 'NONE',  ( 0.000000000000000000, 0.000000000000000000, -1.000000000000000000 ) ) ;
#1638 = VECTOR ( 'NONE', #718, 1000.000000000000000 ) ;
#1639 = FACE_OUTER_BOUND ( 'NONE', #1306, .T. ) ;
#1640 = SURFACE_STYLE_USAGE ( .BOTH. , #978 ) ;
#1641 = VECTOR ( 'NONE', #6, 1000.000000000000000 ) ;
#1642 = CARTESIAN_POINT ( 'NONE',  ( 10.16000000000000014, -3.000000000000000000, 4.000000000000000000 ) ) ;
#1643 = ORIENTED_EDGE ( 'NONE', *, *, #491, .T. ) ;
#1644 = VECTOR ( 'NONE', #1476, 1000.000000000000000 ) ;
#1645 = CARTESIAN_POINT ( 'NONE',  ( 1.365104738762999981, -1.300000000000000044, 1.740580686186000037 ) ) ;
#1646 = DIRECTION ( 'NONE',  ( 0.000000000000000000, 0.000000000000000000, -1.000000000000000000 ) ) ;
#1647 = EDGE_CURVE ( 'NONE', #951, #1594, #260, .T. ) ;
#1648 = EDGE_CURVE ( 'NONE', #959, #651, #785, .T. ) ;
#1649 = PLANE ( 'NONE',  #1255 ) ;
#1650 = CARTESIAN_POINT ( 'NONE',  ( 1.040000000000000036, -6.700000000000000178, 4.000000000000000000 ) ) ;
#1651 = CARTESIAN_POINT ( 'NONE',  ( 8.794895261237000383, -0.6999999999999999556, -1.740580686186000037 ) ) ;
#1652 = DIRECTION ( 'NONE',  ( -1.000000000000000000, 0.000000000000000000, 0.000000000000000000 ) ) ;
#1653 = CIRCLE ( 'NONE', #1081, 1.500000000000000000 ) ;
#1654 = VECTOR ( 'NONE', #493, 1000.000000000000114 ) ;
#1655 = CARTESIAN_POINT ( 'NONE',  ( 4.639999999999999680, 0.000000000000000000, 0.000000000000000000 ) ) ;
#1656 = SURFACE_SIDE_STYLE ('',( #891 ) ) ;
#1657 = EDGE_LOOP ( 'NONE', ( #667, #201, #592, #1452, #970, #404 ) ) ;
#1658 =( LENGTH_UNIT ( ) NAMED_UNIT ( * ) SI_UNIT ( .MILLI., .METRE. ) );
#1659 = COLOUR_RGB ( '',0.08627450980392156743, 0.3803921568627450789, 1.000000000000000000 ) ;
#1660 = MECHANICAL_DESIGN_GEOMETRIC_PRESENTATION_REPRESENTATION (  '', ( #172 ), #417 ) ;
#1661 = VECTOR ( 'NONE', #1652, 1000.000000000000000 ) ;
#1662 = CYLINDRICAL_SURFACE ( 'NONE', #1126, 0.4500000000000000111 ) ;
#1663 = SURFACE_STYLE_USAGE ( .BOTH. , #1170 ) ;
#1664 = DIRECTION ( 'NONE',  ( 0.000000000000000000, -1.000000000000000000, 0.000000000000000000 ) ) ;
#1665 = DIRECTION ( 'NONE',  ( 1.000000000000000000, 0.000000000000000000, 0.000000000000000000 ) ) ;
#1666 = VERTEX_POINT ( 'NONE', #12 ) ;
#1667 =( NAMED_UNIT ( * ) SI_UNIT ( $, .STERADIAN. ) SOLID_ANGLE_UNIT ( ) );
#1668 = FILL_AREA_STYLE ('',( #1398 ) ) ;
#1669 = EDGE_CURVE ( 'NONE', #1481, #938, #395, .T. ) ;
#1670 = FACE_OUTER_BOUND ( 'NONE', #187, .T. ) ;
#1671 = VECTOR ( 'NONE', #1101, 1000.000000000000000 ) ;
#1672 = DIRECTION ( 'NONE',  ( -0.7071067811865474617, 0.000000000000000000, 0.7071067811865474617 ) ) ;
#1673 = EDGE_LOOP ( 'NONE', ( #1059, #587, #87, #118 ) ) ;
#1674 = AXIS2_PLACEMENT_3D ( 'NONE', #474, #1372, #986 ) ;
ENDSEC;
END-ISO-10303-21;
